row,compound_id,kpuu,true_label,heuristic_class,eps,mlasp,cost,uses_kpuu,freq,seed,n_iter
1,SYN-0001,0.3783,0,non_promising,0.0,"[""kpuu""; ""1uM_PgP""]",4400.0,true,6,1001,2000
1,SYN-0001,0.3783,0,non_promising,0.1,"[""kpuu""]",4000.0,true,4,1001,2000
1,SYN-0001,0.3783,0,non_promising,0.2,"[""kpuu""]",4000.0,true,3,1001,2000
1,SYN-0001,0.3783,0,non_promising,0.3,"[""kpuu""]",4000.0,true,5,1001,2000
1,SYN-0001,0.3783,0,non_promising,0.4,"[""kpuu""]",4000.0,true,4,1001,2000
1,SYN-0001,0.3783,0,non_promising,0.5,"[""kpuu""]",4000.0,true,2,1001,2000
1,SYN-0001,0.3783,0,non_promising,0.6,"[""kpuu""]",4000.0,true,2,1001,2000
1,SYN-0001,0.3783,0,non_promising,0.7,"[""kpuu""]",4000.0,true,1,1001,2000
1,SYN-0001,0.3783,0,non_promising,0.8,"[""kpuu""]",4000.0,true,3,1001,2000
1,SYN-0001,0.3783,0,non_promising,1.0,"[""kpuu""]",4000.0,true,1,1001,2000
2,SYN-0002,0.5328,1,borderline,0.0,"[""100nM_PgP""; ""kpuu""; ""100nM_BCRP""]",4800.0,true,3,1002,2000
2,SYN-0002,0.5328,1,borderline,0.1,"[""100nM_PgP""; ""1uM_PgP""; ""100nM_BCRP""]",1200.0,false,4,1002,2000
2,SYN-0002,0.5328,1,borderline,0.2,"[""100nM_PgP""; ""1uM_PgP""; ""100nM_BCRP""]",1200.0,false,2,1002,2000
2,SYN-0002,0.5328,1,borderline,0.3,"[""100nM_PgP""; ""1uM_PgP""; ""100nM_BCRP""]",1200.0,false,1,1002,2000
2,SYN-0002,0.5328,1,borderline,0.4,"[""100nM_PgP""; ""1uM_PgP""; ""100nM_BCRP""]",1200.0,false,2,1002,2000
2,SYN-0002,0.5328,1,borderline,0.5,"[""100nM_PgP""; ""1uM_PgP""]",800.0,false,3,1002,2000
2,SYN-0002,0.5328,1,borderline,0.6,"[""100nM_PgP""; ""1uM_PgP""]",800.0,false,2,1002,2000
2,SYN-0002,0.5328,1,borderline,0.7,"[""100nM_PgP""; ""100nM_BCRP""]",800.0,false,1,1002,2000
2,SYN-0002,0.5328,1,borderline,0.8,"[""100nM_PgP""; ""1uM_PgP""]",800.0,false,3,1002,2000
2,SYN-0002,0.5328,1,borderline,0.9,"[""100nM_PgP""; ""1uM_PgP""]",800.0,false,1,1002,2000
2,SYN-0002,0.5328,1,borderline,1.0,"[""100nM_PgP""; ""1uM_PgP""]",800.0,false,2,1002,2000
3,SYN-0003,0.0302,0,non_promising,0.0,"[""100nM_PgP""; ""kpuu""]",4400.0,true,3,1003,2000
3,SYN-0003,0.0302,0,non_promising,0.1,"[""100nM_BCRP""]",400.0,false,5,1003,2000
3,SYN-0003,0.0302,0,non_promising,0.2,"[""100nM_PgP""]",400.0,false,3,1003,2000
3,SYN-0003,0.0302,0,non_promising,0.3,"[""100nM_BCRP""]",400.0,false,4,1003,2000
3,SYN-0003,0.0302,0,non_promising,0.6,"[""100nM_PgP""]",400.0,false,2,1003,2000
3,SYN-0003,0.0302,0,non_promising,0.7,"[""100nM_PgP""]",400.0,false,1,1003,2000
3,SYN-0003,0.0302,0,non_promising,0.8,"[""100nM_PgP""]",400.0,false,1,1003,2000
3,SYN-0003,0.0302,0,non_promising,1.0,"[""100nM_PgP""]",400.0,false,2,1003,2000
4,SYN-0004,0.2724,0,promising,0.0,"[""kpuu""]",4000.0,true,8,1004,2000
4,SYN-0004,0.2724,0,promising,0.1,"[""kpuu""]",4000.0,true,8,1004,2000
4,SYN-0004,0.2724,0,promising,0.2,"[""kpuu""]",4000.0,true,5,1004,2000
4,SYN-0004,0.2724,0,promising,0.3,"[""100nM_PgP""]",400.0,false,3,1004,2000
4,SYN-0004,0.2724,0,promising,0.4,"[""100nM_PgP""; ""1uM_PgP""; ""100nM_BCRP""]",1200.0,false,4,1004,2000
4,SYN-0004,0.2724,0,promising,0.5,"[""100nM_PgP""; ""100nM_BCRP""]",800.0,false,3,1004,2000
4,SYN-0004,0.2724,0,promising,0.6,"[""100nM_PgP""; ""1uM_PgP""]",800.0,false,2,1004,2000
4,SYN-0004,0.2724,0,promising,0.7,"[""100nM_PgP""; ""100nM_BCRP""]",800.0,false,2,1004,2000
4,SYN-0004,0.2724,0,promising,0.8,"[""100nM_PgP""; ""100nM_BCRP""]",800.0,false,2,1004,2000
4,SYN-0004,0.2724,0,promising,0.9,"[""100nM_PgP""; ""100nM_BCRP""]",800.0,false,1,1004,2000
4,SYN-0004,0.2724,0,promising,1.0,"[""100nM_PgP""; ""100nM_BCRP""]",800.0,false,1,1004,2000
5,SYN-0005,0.2738,0,non_promising,0.0,"[""1uM_PgP""; ""100nM_BCRP""]",800.0,false,4,1005,2000
5,SYN-0005,0.2738,0,non_promising,0.1,"[""100nM_PgP""; ""100nM_BCRP""]",800.0,false,3,1005,2000
5,SYN-0005,0.2738,0,non_promising,0.2,"[""100nM_PgP""; ""1uM_PgP""; ""100nM_BCRP""]",1200.0,false,2,1005,2000
5,SYN-0005,0.2738,0,non_promising,0.3,"[""100nM_PgP""; ""100nM_BCRP""]",800.0,false,4,1005,2000
5,SYN-0005,0.2738,0,non_promising,0.4,"[""100nM_PgP""; ""100nM_BCRP""]",800.0,false,1,1005,2000
5,SYN-0005,0.2738,0,non_promising,0.5,"[""100nM_PgP""; ""1uM_PgP""; ""100nM_BCRP""]",1200.0,false,2,1005,2000
5,SYN-0005,0.2738,0,non_promising,0.6,"[""100nM_PgP""; ""1uM_PgP""; ""100nM_BCRP""]",1200.0,false,1,1005,2000
5,SYN-0005,0.2738,0,non_promising,0.9,"[""100nM_PgP""; ""100nM_BCRP""]",800.0,false,2,1005,2000
6,SYN-0006,1.0,1,promising,0.0,"[""kpuu""]",4000.0,true,8,1006,2000
6,SYN-0006,1.0,1,promising,0.1,"[""100nM_PgP""; ""100nM_BCRP""]",800.0,false,3,1006,2000
6,SYN-0006,1.0,1,promising,0.2,"[""100nM_PgP""; ""1uM_PgP""]",800.0,false,3,1006,2000
6,SYN-0006,1.0,1,promising,0.3,"[""100nM_PgP""; ""100nM_BCRP""]",800.0,false,3,1006,2000
6,SYN-0006,1.0,1,promising,0.4,"[""100nM_PgP""; ""100nM_BCRP""]",800.0,false,2,1006,2000
6,SYN-0006,1.0,1,promising,0.5,"[""100nM_PgP""; ""1uM_PgP""]",800.0,false,2,1006,2000
6,SYN-0006,1.0,1,promising,0.6,"[""100nM_PgP""; ""100nM_BCRP""]",800.0,false,4,1006,2000
6,SYN-0006,1.0,1,promising,0.7,"[""100nM_PgP""; ""1uM_PgP""]",800.0,false,2,1006,2000
6,SYN-0006,1.0,1,promising,0.8,"[""100nM_PgP""; ""1uM_PgP""]",800.0,false,2,1006,2000
6,SYN-0006,1.0,1,promising,0.9,"[""100nM_PgP""; ""1uM_PgP""]",800.0,false,2,1006,2000
6,SYN-0006,1.0,1,promising,1.0,"[""100nM_PgP""; ""1uM_PgP""]",800.0,false,1,1006,2000
7,SYN-0007,1.0,1,borderline,0.0,"[""kpuu""]",4000.0,true,10,1007,2000
7,SYN-0007,1.0,1,borderline,0.1,"[""kpuu""]",4000.0,true,3,1007,2000
7,SYN-0007,1.0,1,borderline,0.2,"[""100nM_PgP""; ""1uM_PgP""]",800.0,false,5,1007,2000
7,SYN-0007,1.0,1,borderline,0.3,"[""100nM_PgP""; ""1uM_PgP""]",800.0,false,3,1007,2000
7,SYN-0007,1.0,1,borderline,0.4,"[""100nM_PgP""; ""1uM_PgP""]",800.0,false,3,1007,2000
7,SYN-0007,1.0,1,borderline,0.5,"[""100nM_PgP""; ""1uM_PgP""]",800.0,false,2,1007,2000
7,SYN-0007,1.0,1,borderline,0.6,"[""100nM_PgP""; ""1uM_PgP""]",800.0,false,2,1007,2000
7,SYN-0007,1.0,1,borderline,0.7,"[""100nM_PgP""; ""1uM_PgP""]",800.0,false,3,1007,2000
7,SYN-0007,1.0,1,borderline,0.8,"[""100nM_PgP""; ""1uM_PgP""]",800.0,false,3,1007,2000
7,SYN-0007,1.0,1,borderline,0.9,"[""100nM_PgP""; ""1uM_PgP""]",800.0,false,1,1007,2000
8,SYN-0008,0.0799,0,non_promising,0.0,"[""100nM_PgP""; ""1uM_PgP""; ""100nM_BCRP""]",1200.0,false,2,1008,2000
9,SYN-0009,0.1016,0,borderline,0.0,"[""kpuu""]",4000.0,true,8,1009,2000
9,SYN-0009,0.1016,0,borderline,0.1,"[""100nM_BCRP""]",400.0,false,4,1009,2000
9,SYN-0009,0.1016,0,borderline,0.2,"[""100nM_BCRP""]",400.0,false,4,1009,2000
9,SYN-0009,0.1016,0,borderline,0.3,"[""100nM_BCRP""]",400.0,false,4,1009,2000
9,SYN-0009,0.1016,0,borderline,0.4,"[""100nM_BCRP""]",400.0,false,1,1009,2000
9,SYN-0009,0.1016,0,borderline,0.5,"[""100nM_BCRP""]",400.0,false,1,1009,2000
9,SYN-0009,0.1016,0,borderline,0.6,"[""100nM_BCRP""]",400.0,false,1,1009,2000
9,SYN-0009,0.1016,0,borderline,0.7,"[""100nM_BCRP""]",400.0,false,2,1009,2000
9,SYN-0009,0.1016,0,borderline,0.8,"[""100nM_BCRP""]",400.0,false,1,1009,2000
9,SYN-0009,0.1016,0,borderline,0.9,"[""100nM_BCRP""]",400.0,false,1,1009,2000
9,SYN-0009,0.1016,0,borderline,1.0,"[""100nM_BCRP""]",400.0,false,3,1009,2000
10,SYN-0010,0.0839,0,borderline,0.0,"[""kpuu""]",4000.0,true,10,1010,2000
10,SYN-0010,0.0839,0,borderline,0.1,"[""kpuu""]",4000.0,true,3,1010,2000
10,SYN-0010,0.0839,0,borderline,0.2,"[""100nM_PgP""; ""1uM_PgP""]",800.0,false,5,1010,2000
10,SYN-0010,0.0839,0,borderline,0.3,"[""100nM_PgP""; ""1uM_PgP""; ""100nM_BCRP""]",1200.0,false,2,1010,2000
10,SYN-0010,0.0839,0,borderline,0.4,"[""100nM_PgP""; ""1uM_PgP""]",800.0,false,7,1010,2000
10,SYN-0010,0.0839,0,borderline,0.5,"[""100nM_PgP""; ""1uM_PgP""]",800.0,false,1,1010,2000
10,SYN-0010,0.0839,0,borderline,0.7,"[""100nM_PgP""; ""1uM_PgP""; ""100nM_BCRP""]",1200.0,false,1,1010,2000
10,SYN-0010,0.0839,0,borderline,0.9,"[""100nM_PgP""; ""1uM_PgP""]",800.0,false,1,1010,2000
10,SYN-0010,0.0839,0,borderline,1.0,"[""100nM_PgP""; ""1uM_PgP""]",800.0,false,1,1010,2000
11,SYN-0011,0.647,1,promising,0.0,"[""100nM_BCRP""]",400.0,false,4,1011,2000
11,SYN-0011,0.647,1,promising,0.1,"[""1uM_PgP""; ""100nM_BCRP""]",800.0,false,6,1011,2000
11,SYN-0011,0.647,1,promising,0.2,"[""1uM_PgP""; ""100nM_BCRP""]",800.0,false,2,1011,2000
11,SYN-0011,0.647,1,promising,0.3,"[""100nM_BCRP""]",400.0,false,3,1011,2000
11,SYN-0011,0.647,1,promising,0.4,"[""100nM_PgP""; ""1uM_PgP""; ""100nM_BCRP""]",1200.0,false,2,1011,2000
11,SYN-0011,0.647,1,promising,0.5,"[""100nM_BCRP""]",400.0,false,2,1011,2000
11,SYN-0011,0.647,1,promising,0.6,"[""100nM_BCRP""]",400.0,false,1,1011,2000
11,SYN-0011,0.647,1,promising,0.7,"[""100nM_BCRP""]",400.0,false,4,1011,2000
11,SYN-0011,0.647,1,promising,0.8,"[""100nM_BCRP""]",400.0,false,1,1011,2000
11,SYN-0011,0.647,1,promising,0.9,"[""100nM_BCRP""]",400.0,false,2,1011,2000
12,SYN-0012,0.0932,0,non_promising,0.0,"[""kpuu""]",4000.0,true,10,1012,2000
12,SYN-0012,0.0932,0,non_promising,0.1,"[""1uM_PgP""]",400.0,false,5,1012,2000
12,SYN-0012,0.0932,0,non_promising,0.10661936314283364,,0.0,false,10,1012,2000
13,SYN-0013,0.3063,0,non_promising,0.0,"[""100nM_PgP""]",400.0,false,4,1013,2000
13,SYN-0013,0.3063,0,non_promising,0.1,"[""kpuu""; ""100nM_BCRP""]",4400.0,true,2,1013,2000
13,SYN-0013,0.3063,0,non_promising,0.2,"[""100nM_BCRP""]",400.0,false,3,1013,2000
13,SYN-0013,0.3063,0,non_promising,0.3,"[""100nM_BCRP""]",400.0,false,2,1013,2000
13,SYN-0013,0.3063,0,non_promising,0.4,"[""100nM_PgP""; ""100nM_BCRP""]",800.0,false,1,1013,2000
13,SYN-0013,0.3063,0,non_promising,0.6,"[""100nM_BCRP""]",400.0,false,1,1013,2000
13,SYN-0013,0.3063,0,non_promising,0.7,"[""100nM_PgP""]",400.0,false,1,1013,2000
13,SYN-0013,0.3063,0,non_promising,0.9,"[""100nM_PgP""]",400.0,false,1,1013,2000
13,SYN-0013,0.3063,0,non_promising,1.0,"[""100nM_PgP""]",400.0,false,1,1013,2000
14,SYN-0014,0.2077,0,non_promising,0.0,"[""kpuu""]",4000.0,true,9,1014,2000
14,SYN-0014,0.2077,0,non_promising,0.1,"[""100nM_PgP""]",400.0,false,7,1014,2000
14,SYN-0014,0.2077,0,non_promising,0.2,"[""100nM_PgP""]",400.0,false,4,1014,2000
14,SYN-0014,0.2077,0,non_promising,0.3,"[""1uM_PgP""]",400.0,false,4,1014,2000
15,SYN-0015,0.3618,0,non_promising,0.0,"[""kpuu""; ""100nM_BCRP""]",4400.0,true,4,1015,2000
15,SYN-0015,0.3618,0,non_promising,0.1,"[""100nM_PgP""; ""100nM_BCRP""]",800.0,false,3,1015,2000
15,SYN-0015,0.3618,0,non_promising,0.2,"[""1uM_PgP""]",400.0,false,4,1015,2000
15,SYN-0015,0.3618,0,non_promising,0.3,"[""100nM_PgP""; ""100nM_BCRP""]",800.0,false,2,1015,2000
15,SYN-0015,0.3618,0,non_promising,0.4,"[""1uM_PgP""]",400.0,false,3,1015,2000
15,SYN-0015,0.3618,0,non_promising,0.5,"[""100nM_PgP""]",400.0,false,1,1015,2000
15,SYN-0015,0.3618,0,non_promising,0.6,"[""100nM_PgP""]",400.0,false,4,1015,2000
15,SYN-0015,0.3618,0,non_promising,0.7,"[""100nM_PgP""]",400.0,false,2,1015,2000
15,SYN-0015,0.3618,0,non_promising,0.8,"[""100nM_PgP""]",400.0,false,1,1015,2000
15,SYN-0015,0.3618,0,non_promising,0.9,"[""100nM_PgP""]",400.0,false,1,1015,2000
15,SYN-0015,0.3618,0,non_promising,1.0,"[""1uM_PgP""]",400.0,false,2,1015,2000
16,SYN-0016,0.002,0,non_promising,0.0,"[""kpuu""; ""1uM_PgP""; ""100nM_BCRP""]",4800.0,true,2,1016,2000
17,SYN-0017,1.0,1,promising,0.0,"[""100nM_PgP""; ""100nM_BCRP""]",800.0,false,4,1017,2000
17,SYN-0017,1.0,1,promising,0.1,"[""100nM_PgP""; ""100nM_BCRP""]",800.0,false,3,1017,2000
17,SYN-0017,1.0,1,promising,0.2,"[""1uM_PgP""; ""100nM_BCRP""]",800.0,false,3,1017,2000
17,SYN-0017,1.0,1,promising,0.3,"[""100nM_PgP""; ""1uM_PgP""]",800.0,false,3,1017,2000
17,SYN-0017,1.0,1,promising,0.4,"[""100nM_PgP""; ""1uM_PgP""; ""100nM_BCRP""]",1200.0,false,3,1017,2000
17,SYN-0017,1.0,1,promising,0.5,"[""100nM_PgP""; ""1uM_PgP""]",800.0,false,2,1017,2000
17,SYN-0017,1.0,1,promising,0.6,"[""100nM_PgP""; ""1uM_PgP""; ""100nM_BCRP""]",1200.0,false,2,1017,2000
17,SYN-0017,1.0,1,promising,0.7,"[""100nM_PgP""; ""1uM_PgP""]",800.0,false,1,1017,2000
17,SYN-0017,1.0,1,promising,0.8,"[""100nM_PgP""; ""1uM_PgP""]",800.0,false,1,1017,2000
17,SYN-0017,1.0,1,promising,0.9,"[""100nM_PgP""; ""1uM_PgP""]",800.0,false,1,1017,2000
17,SYN-0017,1.0,1,promising,1.0,"[""100nM_PgP""; ""1uM_PgP""]",800.0,false,1,1017,2000
18,SYN-0018,0.0854,0,promising,0.0,"[""kpuu""]",4000.0,true,4,1018,2000
18,SYN-0018,0.0854,0,promising,0.1,"[""kpuu""]",4000.0,true,7,1018,2000
18,SYN-0018,0.0854,0,promising,0.2,"[""kpuu""]",4000.0,true,4,1018,2000
18,SYN-0018,0.0854,0,promising,0.3,"[""1uM_PgP""; ""100nM_BCRP""]",800.0,false,3,1018,2000
18,SYN-0018,0.0854,0,promising,0.4,"[""100nM_PgP""; ""1uM_PgP""]",800.0,false,4,1018,2000
18,SYN-0018,0.0854,0,promising,0.5,"[""1uM_PgP""]",400.0,false,2,1018,2000
18,SYN-0018,0.0854,0,promising,0.6,"[""1uM_PgP""]",400.0,false,3,1018,2000
18,SYN-0018,0.0854,0,promising,0.7,"[""1uM_PgP""]",400.0,false,3,1018,2000
18,SYN-0018,0.0854,0,promising,0.8,"[""1uM_PgP""]",400.0,false,2,1018,2000
18,SYN-0018,0.0854,0,promising,1.0,"[""1uM_PgP""]",400.0,false,1,1018,2000
19,SYN-0019,1.0,1,promising,0.0,"[""kpuu""]",4000.0,true,10,1019,2000
19,SYN-0019,1.0,1,promising,0.1,"[""100nM_PgP""; ""1uM_PgP""; ""100nM_BCRP""]",1200.0,false,8,1019,2000
19,SYN-0019,1.0,1,promising,0.2,"[""100nM_PgP""; ""1uM_PgP""; ""100nM_BCRP""]",1200.0,false,2,1019,2000
19,SYN-0019,1.0,1,promising,0.3,"[""100nM_PgP""; ""1uM_PgP""; ""100nM_BCRP""]",1200.0,false,3,1019,2000
19,SYN-0019,1.0,1,promising,0.4,"[""100nM_PgP""; ""1uM_PgP""; ""100nM_BCRP""]",1200.0,false,4,1019,2000
19,SYN-0019,1.0,1,promising,0.5,"[""100nM_PgP""; ""1uM_PgP""; ""100nM_BCRP""]",1200.0,false,1,1019,2000
19,SYN-0019,1.0,1,promising,0.6,"[""100nM_PgP""; ""1uM_PgP""; ""100nM_BCRP""]",1200.0,false,1,1019,2000
19,SYN-0019,1.0,1,promising,0.7,"[""100nM_PgP""; ""1uM_PgP""; ""100nM_BCRP""]",1200.0,false,1,1019,2000
19,SYN-0019,1.0,1,promising,0.8,"[""100nM_PgP""; ""1uM_PgP""; ""100nM_BCRP""]",1200.0,false,3,1019,2000
19,SYN-0019,1.0,1,promising,1.0,"[""100nM_PgP""; ""1uM_PgP""; ""100nM_BCRP""]",1200.0,false,1,1019,2000
20,SYN-0020,0.1702,0,non_promising,0.0,"[""kpuu""; ""1uM_PgP""]",4400.0,true,3,1020,2000
20,SYN-0020,0.1702,0,non_promising,0.1,"[""100nM_PgP""; ""1uM_PgP""]",800.0,false,3,1020,2000
20,SYN-0020,0.1702,0,non_promising,0.2,"[""1uM_PgP""]",400.0,false,4,1020,2000
20,SYN-0020,0.1702,0,non_promising,0.3,"[""1uM_PgP""]",400.0,false,3,1020,2000
20,SYN-0020,0.1702,0,non_promising,0.4,"[""100nM_PgP""; ""100nM_BCRP""]",800.0,false,2,1020,2000
20,SYN-0020,0.1702,0,non_promising,0.5,"[""100nM_PgP""]",400.0,false,3,1020,2000
20,SYN-0020,0.1702,0,non_promising,0.6,"[""100nM_PgP""]",400.0,false,1,1020,2000
20,SYN-0020,0.1702,0,non_promising,0.7,"[""100nM_PgP""]",400.0,false,1,1020,2000
20,SYN-0020,0.1702,0,non_promising,0.8,"[""1uM_PgP""]",400.0,false,1,1020,2000
20,SYN-0020,0.1702,0,non_promising,0.9,"[""1uM_PgP""]",400.0,false,2,1020,2000
20,SYN-0020,0.1702,0,non_promising,1.0,"[""100nM_PgP""]",400.0,false,1,1020,2000
21,SYN-0021,0.647,1,borderline,0.0,"[""kpuu""]",4000.0,true,9,1021,2000
21,SYN-0021,0.647,1,borderline,0.1,"[""100nM_PgP""; ""1uM_PgP""; ""100nM_BCRP""]",1200.0,false,5,1021,2000
21,SYN-0021,0.647,1,borderline,0.2,"[""100nM_BCRP""]",400.0,false,1,1021,2000
21,SYN-0021,0.647,1,borderline,0.3,"[""100nM_PgP""; ""1uM_PgP""]",800.0,false,2,1021,2000
21,SYN-0021,0.647,1,borderline,0.4,"[""100nM_PgP""; ""1uM_PgP""]",800.0,false,2,1021,2000
21,SYN-0021,0.647,1,borderline,0.5,"[""100nM_PgP""; ""1uM_PgP""]",800.0,false,3,1021,2000
21,SYN-0021,0.647,1,borderline,0.6,"[""100nM_PgP""; ""1uM_PgP""]",800.0,false,1,1021,2000
21,SYN-0021,0.647,1,borderline,0.7,"[""100nM_PgP""; ""1uM_PgP""]",800.0,false,3,1021,2000
21,SYN-0021,0.647,1,borderline,0.9,"[""100nM_PgP""; ""1uM_PgP""]",800.0,false,1,1021,2000
22,SYN-0022,0.1055,0,promising,0.0,"[""kpuu""]",4000.0,true,9,1022,2000
22,SYN-0022,0.1055,0,promising,0.1,"[""100nM_PgP""]",400.0,false,3,1022,2000
22,SYN-0022,0.1055,0,promising,0.2,"[""100nM_PgP""; ""100nM_BCRP""]",800.0,false,5,1022,2000
22,SYN-0022,0.1055,0,promising,0.3,"[""100nM_BCRP""]",400.0,false,6,1022,2000
22,SYN-0022,0.1055,0,promising,0.4,"[""100nM_BCRP""]",400.0,false,4,1022,2000
22,SYN-0022,0.1055,0,promising,0.5,"[""1uM_PgP""]",400.0,false,3,1022,2000
22,SYN-0022,0.1055,0,promising,0.6,"[""100nM_BCRP""]",400.0,false,1,1022,2000
23,SYN-0023,0.27,0,promising,0.0,"[""kpuu""]",4000.0,true,10,1023,2000
23,SYN-0023,0.27,0,promising,0.1,"[""kpuu""]",4000.0,true,3,1023,2000
23,SYN-0023,0.27,0,promising,0.2,"[""100nM_PgP""]",400.0,false,1,1023,2000
23,SYN-0023,0.27,0,promising,0.3,"[""100nM_PgP""; ""100nM_BCRP""]",800.0,false,7,1023,2000
23,SYN-0023,0.27,0,promising,0.4,"[""100nM_PgP""; ""100nM_BCRP""]",800.0,false,3,1023,2000
23,SYN-0023,0.27,0,promising,0.5,"[""100nM_PgP""; ""100nM_BCRP""]",800.0,false,5,1023,2000
23,SYN-0023,0.27,0,promising,0.6,"[""100nM_PgP""; ""100nM_BCRP""]",800.0,false,2,1023,2000
23,SYN-0023,0.27,0,promising,0.7,"[""100nM_PgP""; ""100nM_BCRP""]",800.0,false,2,1023,2000
23,SYN-0023,0.27,0,promising,0.8,"[""100nM_PgP""; ""100nM_BCRP""]",800.0,false,2,1023,2000
23,SYN-0023,0.27,0,promising,0.9,"[""100nM_PgP""; ""100nM_BCRP""]",800.0,false,3,1023,2000
23,SYN-0023,0.27,0,promising,1.0,"[""100nM_PgP""; ""100nM_BCRP""]",800.0,false,2,1023,2000
24,SYN-0024,1.0,1,promising,0.0,"[""kpuu""; ""1uM_PgP""]",4400.0,true,4,1024,2000
24,SYN-0024,1.0,1,promising,0.1,"[""kpuu""]",4000.0,true,7,1024,2000
24,SYN-0024,1.0,1,promising,0.2,"[""kpuu""]",4000.0,true,1,1024,2000
24,SYN-0024,1.0,1,promising,0.3,"[""100nM_PgP""; ""1uM_PgP""]",800.0,false,3,1024,2000
24,SYN-0024,1.0,1,promising,0.4,"[""100nM_PgP""; ""100nM_BCRP""]",800.0,false,2,1024,2000
24,SYN-0024,1.0,1,promising,0.5,"[""100nM_PgP""; ""1uM_PgP""; ""100nM_BCRP""]",1200.0,false,2,1024,2000
24,SYN-0024,1.0,1,promising,0.6,"[""100nM_PgP""; ""1uM_PgP""; ""100nM_BCRP""]",1200.0,false,1,1024,2000
24,SYN-0024,1.0,1,promising,0.7,"[""100nM_PgP""; ""1uM_PgP""; ""100nM_BCRP""]",1200.0,false,2,1024,2000
24,SYN-0024,1.0,1,promising,1.0,"[""100nM_PgP""; ""1uM_PgP""; ""100nM_BCRP""]",1200.0,false,4,1024,2000
25,SYN-0025,1.0,1,non_promising,0.0,"[""100nM_PgP""; ""kpuu""; ""100nM_BCRP""]",4800.0,true,3,1025,2000
25,SYN-0025,1.0,1,non_promising,0.1,"[""100nM_PgP""; ""100nM_BCRP""]",800.0,false,5,1025,2000
25,SYN-0025,1.0,1,non_promising,0.2,"[""100nM_PgP""; ""1uM_PgP""]",800.0,false,2,1025,2000
25,SYN-0025,1.0,1,non_promising,0.3,"[""100nM_PgP""; ""1uM_PgP""]",800.0,false,3,1025,2000
25,SYN-0025,1.0,1,non_promising,0.4,"[""1uM_PgP""; ""100nM_BCRP""]",800.0,false,3,1025,2000
25,SYN-0025,1.0,1,non_promising,0.5,"[""100nM_PgP""; ""100nM_BCRP""]",800.0,false,3,1025,2000
25,SYN-0025,1.0,1,non_promising,0.7,"[""100nM_PgP""; ""100nM_BCRP""]",800.0,false,2,1025,2000
25,SYN-0025,1.0,1,non_promising,0.8,"[""100nM_PgP""; ""100nM_BCRP""]",800.0,false,1,1025,2000
25,SYN-0025,1.0,1,non_promising,0.9,"[""1uM_PgP""; ""100nM_BCRP""]",800.0,false,2,1025,2000
25,SYN-0025,1.0,1,non_promising,1.0,"[""100nM_PgP""; ""100nM_BCRP""]",800.0,false,1,1025,2000
26,SYN-0026,0.0546,0,non_promising,0.0,"[""100nM_PgP""]",400.0,false,2,1026,2000
27,SYN-0027,0.0092,0,non_promising,0.0,"[""kpuu""; ""1uM_PgP""]",4400.0,true,4,1027,2000
27,SYN-0027,0.0092,0,non_promising,0.1,"[""100nM_BCRP""]",400.0,false,4,1027,2000
27,SYN-0027,0.0092,0,non_promising,0.2,"[""100nM_BCRP""]",400.0,false,2,1027,2000
27,SYN-0027,0.0092,0,non_promising,0.3,"[""100nM_BCRP""]",400.0,false,3,1027,2000
27,SYN-0027,0.0092,0,non_promising,0.4,"[""100nM_BCRP""]",400.0,false,3,1027,2000
27,SYN-0027,0.0092,0,non_promising,0.8,"[""100nM_PgP""]",400.0,false,1,1027,2000
27,SYN-0027,0.0092,0,non_promising,0.9,"[""100nM_BCRP""]",400.0,false,1,1027,2000
27,SYN-0027,0.0092,0,non_promising,1.0,"[""100nM_PgP""]",400.0,false,1,1027,2000
28,SYN-0028,1.0,1,promising,0.0,"[""kpuu""]",4000.0,true,9,1028,2000
28,SYN-0028,1.0,1,promising,0.1,"[""kpuu""]",4000.0,true,2,1028,2000
28,SYN-0028,1.0,1,promising,0.2,"[""kpuu""]",4000.0,true,3,1028,2000
28,SYN-0028,1.0,1,promising,0.3,"[""kpuu""]",4000.0,true,1,1028,2000
28,SYN-0028,1.0,1,promising,0.4,"[""kpuu""]",4000.0,true,1,1028,2000
28,SYN-0028,1.0,1,promising,0.5,"[""kpuu""]",4000.0,true,3,1028,2000
28,SYN-0028,1.0,1,promising,0.6,"[""kpuu""]",4000.0,true,2,1028,2000
28,SYN-0028,1.0,1,promising,0.7,"[""kpuu""]",4000.0,true,2,1028,2000
28,SYN-0028,1.0,1,promising,0.8,"[""kpuu""]",4000.0,true,1,1028,2000
29,SYN-0029,0.2916,0,promising,0.0,"[""kpuu""]",4000.0,true,5,1029,2000
29,SYN-0029,0.2916,0,promising,0.1,"[""100nM_PgP""; ""1uM_PgP""; ""100nM_BCRP""]",1200.0,false,5,1029,2000
29,SYN-0029,0.2916,0,promising,0.2,"[""1uM_PgP""; ""100nM_BCRP""]",800.0,false,3,1029,2000
29,SYN-0029,0.2916,0,promising,0.3,"[""100nM_PgP""; ""1uM_PgP""; ""100nM_BCRP""]",1200.0,false,4,1029,2000
29,SYN-0029,0.2916,0,promising,0.4,"[""100nM_PgP""; ""1uM_PgP""; ""100nM_BCRP""]",1200.0,false,1,1029,2000
29,SYN-0029,0.2916,0,promising,0.5,"[""1uM_PgP""; ""100nM_BCRP""]",800.0,false,6,1029,2000
29,SYN-0029,0.2916,0,promising,0.6,"[""100nM_PgP""; ""1uM_PgP""; ""100nM_BCRP""]",1200.0,false,2,1029,2000
29,SYN-0029,0.2916,0,promising,0.7,"[""100nM_PgP""; ""1uM_PgP""]",800.0,false,2,1029,2000
29,SYN-0029,0.2916,0,promising,0.8,"[""100nM_PgP""; ""1uM_PgP""]",800.0,false,3,1029,2000
29,SYN-0029,0.2916,0,promising,0.9,"[""1uM_PgP""; ""100nM_BCRP""]",800.0,false,1,1029,2000
29,SYN-0029,0.2916,0,promising,1.0,"[""1uM_PgP""]",400.0,false,2,1029,2000
30,SYN-0030,1.0,1,borderline,0.0,"[""100nM_PgP""; ""1uM_PgP""; ""100nM_BCRP""]",1200.0,false,4,1030,2000
30,SYN-0030,1.0,1,borderline,0.1,"[""100nM_PgP""; ""1uM_PgP""; ""100nM_BCRP""]",1200.0,false,4,1030,2000
30,SYN-0030,1.0,1,borderline,0.2,"[""100nM_PgP""; ""100nM_BCRP""]",800.0,false,2,1030,2000
30,SYN-0030,1.0,1,borderline,0.3,"[""100nM_PgP""; ""100nM_BCRP""]",800.0,false,1,1030,2000
30,SYN-0030,1.0,1,borderline,0.4,"[""100nM_PgP""; ""1uM_PgP""; ""100nM_BCRP""]",1200.0,false,3,1030,2000
30,SYN-0030,1.0,1,borderline,0.5,"[""1uM_PgP""; ""100nM_BCRP""]",800.0,false,2,1030,2000
30,SYN-0030,1.0,1,borderline,0.6,"[""100nM_PgP""; ""100nM_BCRP""]",800.0,false,1,1030,2000
30,SYN-0030,1.0,1,borderline,0.7,"[""1uM_PgP""; ""100nM_BCRP""]",800.0,false,2,1030,2000
30,SYN-0030,1.0,1,borderline,0.8,"[""1uM_PgP""; ""100nM_BCRP""]",800.0,false,1,1030,2000
30,SYN-0030,1.0,1,borderline,0.9,"[""100nM_PgP""; ""100nM_BCRP""]",800.0,false,1,1030,2000
30,SYN-0030,1.0,1,borderline,1.0,"[""1uM_PgP""; ""100nM_BCRP""]",800.0,false,3,1030,2000
31,SYN-0031,0.0243,0,non_promising,0.0,"[""100nM_PgP""]",400.0,false,3,1031,2000
32,SYN-0032,0.3745,0,non_promising,0.0,"[""kpuu""]",4000.0,true,5,1032,2000
32,SYN-0032,0.3745,0,non_promising,0.1,"[""100nM_BCRP""]",400.0,false,5,1032,2000
32,SYN-0032,0.3745,0,non_promising,0.2,"[""100nM_BCRP""]",400.0,false,5,1032,2000
32,SYN-0032,0.3745,0,non_promising,0.3,"[""100nM_BCRP""]",400.0,false,1,1032,2000
32,SYN-0032,0.3745,0,non_promising,0.4,"[""100nM_BCRP""]",400.0,false,2,1032,2000
32,SYN-0032,0.3745,0,non_promising,0.5,"[""100nM_BCRP""]",400.0,false,3,1032,2000
32,SYN-0032,0.3745,0,non_promising,0.7,"[""100nM_BCRP""]",400.0,false,2,1032,2000
32,SYN-0032,0.3745,0,non_promising,0.8,"[""100nM_BCRP""]",400.0,false,1,1032,2000
32,SYN-0032,0.3745,0,non_promising,0.9,"[""100nM_BCRP""]",400.0,false,2,1032,2000
33,SYN-0033,1.0,1,non_promising,0.0,"[""kpuu""]",4000.0,true,7,1033,2000
33,SYN-0033,1.0,1,non_promising,0.1,"[""kpuu""]",4000.0,true,2,1033,2000
33,SYN-0033,1.0,1,non_promising,0.2,"[""100nM_PgP""; ""1uM_PgP""; ""100nM_BCRP""]",1200.0,false,2,1033,2000
33,SYN-0033,1.0,1,non_promising,0.3,"[""100nM_PgP""; ""1uM_PgP""]",800.0,false,3,1033,2000
33,SYN-0033,1.0,1,non_promising,0.4,"[""100nM_PgP""; ""1uM_PgP""; ""100nM_BCRP""]",1200.0,false,2,1033,2000
33,SYN-0033,1.0,1,non_promising,0.5,"[""100nM_PgP""; ""1uM_PgP""]",800.0,false,2,1033,2000
33,SYN-0033,1.0,1,non_promising,0.6,"[""100nM_PgP""; ""1uM_PgP""; ""100nM_BCRP""]",1200.0,false,1,1033,2000
33,SYN-0033,1.0,1,non_promising,0.7,"[""100nM_PgP""; ""1uM_PgP""]",800.0,false,1,1033,2000
33,SYN-0033,1.0,1,non_promising,0.8,"[""100nM_PgP""; ""1uM_PgP""]",800.0,false,1,1033,2000
33,SYN-0033,1.0,1,non_promising,0.9,"[""100nM_PgP""; ""1uM_PgP""]",800.0,false,1,1033,2000
33,SYN-0033,1.0,1,non_promising,1.0,"[""100nM_PgP""; ""1uM_PgP""]",800.0,false,1,1033,2000
34,SYN-0034,1.0,1,promising,0.0,"[""100nM_PgP""; ""kpuu""]",4400.0,true,4,1034,2000
34,SYN-0034,1.0,1,promising,0.1,"[""kpuu""]",4000.0,true,4,1034,2000
34,SYN-0034,1.0,1,promising,0.2,"[""100nM_BCRP""]",400.0,false,3,1034,2000
34,SYN-0034,1.0,1,promising,0.3,"[""1uM_PgP""; ""100nM_BCRP""]",800.0,false,3,1034,2000
34,SYN-0034,1.0,1,promising,0.4,"[""100nM_PgP""; ""1uM_PgP""; ""100nM_BCRP""]",1200.0,false,3,1034,2000
34,SYN-0034,1.0,1,promising,0.5,"[""100nM_PgP""; ""100nM_BCRP""]",800.0,false,3,1034,2000
34,SYN-0034,1.0,1,promising,0.6,"[""100nM_PgP""; ""1uM_PgP""; ""100nM_BCRP""]",1200.0,false,2,1034,2000
34,SYN-0034,1.0,1,promising,0.7,"[""100nM_PgP""; ""1uM_PgP""; ""100nM_BCRP""]",1200.0,false,3,1034,2000
34,SYN-0034,1.0,1,promising,0.9,"[""100nM_PgP""; ""1uM_PgP""; ""100nM_BCRP""]",1200.0,false,1,1034,2000
34,SYN-0034,1.0,1,promising,1.0,"[""100nM_PgP""; ""1uM_PgP""; ""100nM_BCRP""]",1200.0,false,1,1034,2000
35,SYN-0035,1.0,1,promising,0.0,"[""100nM_PgP""; ""kpuu""]",4400.0,true,6,1035,2000
35,SYN-0035,1.0,1,promising,0.1,"[""kpuu""]",4000.0,true,2,1035,2000
35,SYN-0035,1.0,1,promising,0.2,"[""100nM_PgP""; ""1uM_PgP""]",800.0,false,3,1035,2000
35,SYN-0035,1.0,1,promising,0.3,"[""100nM_PgP""; ""1uM_PgP""]",800.0,false,2,1035,2000
35,SYN-0035,1.0,1,promising,0.4,"[""100nM_PgP""; ""100nM_BCRP""]",800.0,false,1,1035,2000
35,SYN-0035,1.0,1,promising,0.5,"[""100nM_PgP""; ""1uM_PgP""]",800.0,false,3,1035,2000
35,SYN-0035,1.0,1,promising,0.6,"[""100nM_PgP""; ""1uM_PgP""; ""100nM_BCRP""]",1200.0,false,3,1035,2000
35,SYN-0035,1.0,1,promising,0.7,"[""100nM_PgP""; ""1uM_PgP""; ""100nM_BCRP""]",1200.0,false,2,1035,2000
35,SYN-0035,1.0,1,promising,0.8,"[""100nM_PgP""; ""1uM_PgP""; ""100nM_BCRP""]",1200.0,false,2,1035,2000
35,SYN-0035,1.0,1,promising,0.9,"[""100nM_PgP""; ""1uM_PgP""; ""100nM_BCRP""]",1200.0,false,1,1035,2000
35,SYN-0035,1.0,1,promising,1.0,"[""100nM_PgP""; ""1uM_PgP""; ""100nM_BCRP""]",1200.0,false,3,1035,2000
36,SYN-0036,0.3007,0,non_promising,0.0,"[""100nM_PgP""; ""1uM_PgP""; ""100nM_BCRP""]",1200.0,false,3,1036,2000
36,SYN-0036,0.3007,0,non_promising,0.1,"[""1uM_PgP""; ""100nM_BCRP""]",800.0,false,4,1036,2000
36,SYN-0036,0.3007,0,non_promising,0.2,"[""1uM_PgP""; ""100nM_BCRP""]",800.0,false,3,1036,2000
36,SYN-0036,0.3007,0,non_promising,0.3,"[""100nM_PgP""; ""1uM_PgP""; ""100nM_BCRP""]",1200.0,false,4,1036,2000
36,SYN-0036,0.3007,0,non_promising,0.4,"[""100nM_PgP""; ""100nM_BCRP""]",800.0,false,2,1036,2000
36,SYN-0036,0.3007,0,non_promising,0.5,"[""100nM_PgP""; ""100nM_BCRP""]",800.0,false,2,1036,2000
36,SYN-0036,0.3007,0,non_promising,0.6,"[""100nM_PgP""; ""100nM_BCRP""]",800.0,false,1,1036,2000
36,SYN-0036,0.3007,0,non_promising,0.7,"[""100nM_PgP""; ""100nM_BCRP""]",800.0,false,2,1036,2000
36,SYN-0036,0.3007,0,non_promising,0.9,"[""100nM_PgP""; ""100nM_BCRP""]",800.0,false,1,1036,2000
36,SYN-0036,0.3007,0,non_promising,1.0,"[""100nM_PgP""; ""100nM_BCRP""]",800.0,false,1,1036,2000
37,SYN-0037,1.0,1,borderline,0.0,"[""kpuu""]",4000.0,true,8,1037,2000
37,SYN-0037,1.0,1,borderline,0.1,"[""kpuu""]",4000.0,true,4,1037,2000
37,SYN-0037,1.0,1,borderline,0.2,"[""100nM_PgP""; ""1uM_PgP""; ""100nM_BCRP""]",1200.0,false,2,1037,2000
37,SYN-0037,1.0,1,borderline,0.3,"[""1uM_PgP""; ""100nM_BCRP""]",800.0,false,4,1037,2000
37,SYN-0037,1.0,1,borderline,0.4,"[""100nM_PgP""; ""100nM_BCRP""]",800.0,false,2,1037,2000
37,SYN-0037,1.0,1,borderline,0.5,"[""100nM_PgP""; ""100nM_BCRP""]",800.0,false,1,1037,2000
37,SYN-0037,1.0,1,borderline,0.6,"[""100nM_PgP""]",400.0,false,1,1037,2000
37,SYN-0037,1.0,1,borderline,0.7,"[""1uM_PgP""]",400.0,false,1,1037,2000
37,SYN-0037,1.0,1,borderline,0.8,"[""100nM_PgP""; ""100nM_BCRP""]",800.0,false,1,1037,2000
37,SYN-0037,1.0,1,borderline,0.9,"[""1uM_PgP""; ""100nM_BCRP""]",800.0,false,2,1037,2000
37,SYN-0037,1.0,1,borderline,1.0,"[""100nM_PgP""; ""100nM_BCRP""]",800.0,false,1,1037,2000
38,SYN-0038,0.1644,0,non_promising,0.0,"[""kpuu""]",4000.0,true,8,1038,2000
38,SYN-0038,0.1644,0,non_promising,0.1,"[""100nM_BCRP""]",400.0,false,6,1038,2000
38,SYN-0038,0.1644,0,non_promising,0.2,"[""1uM_PgP""]",400.0,false,4,1038,2000
38,SYN-0038,0.1644,0,non_promising,0.3,"[""1uM_PgP""]",400.0,false,1,1038,2000
39,SYN-0039,0.1863,0,non_promising,0.0,"[""kpuu""; ""100nM_BCRP""]",4400.0,true,8,1039,2000
39,SYN-0039,0.1863,0,non_promising,0.1,"[""kpuu""]",4000.0,true,6,1039,2000
39,SYN-0039,0.1863,0,non_promising,0.2,"[""kpuu""]",4000.0,true,3,1039,2000
39,SYN-0039,0.1863,0,non_promising,0.3,"[""100nM_BCRP""]",400.0,false,3,1039,2000
39,SYN-0039,0.1863,0,non_promising,0.4,"[""100nM_BCRP""]",400.0,false,2,1039,2000
39,SYN-0039,0.1863,0,non_promising,0.5,"[""100nM_BCRP""]",400.0,false,2,1039,2000
39,SYN-0039,0.1863,0,non_promising,0.7,"[""100nM_PgP""; ""1uM_PgP""; ""100nM_BCRP""]",1200.0,false,2,1039,2000
39,SYN-0039,0.1863,0,non_promising,0.8,"[""100nM_BCRP""]",400.0,false,1,1039,2000
39,SYN-0039,0.1863,0,non_promising,0.9,"[""1uM_PgP""; ""100nM_BCRP""]",800.0,false,1,1039,2000
40,SYN-0040,0.0874,0,non_promising,0.0,"[""kpuu""]",4000.0,true,10,1040,2000
40,SYN-0040,0.0874,0,non_promising,0.1,"[""100nM_PgP""]",400.0,false,6,1040,2000
40,SYN-0040,0.0874,0,non_promising,0.24905451104732737,,0.0,false,10,1040,2000
41,SYN-0041,0.0998,0,promising,0.0,"[""kpuu""; ""1uM_PgP""; ""100nM_BCRP""]",4800.0,true,9,1041,2000
41,SYN-0041,0.0998,0,promising,0.1,"[""kpuu""]",4000.0,true,5,1041,2000
41,SYN-0041,0.0998,0,promising,0.2,"[""100nM_PgP""; ""1uM_PgP""]",800.0,false,4,1041,2000
41,SYN-0041,0.0998,0,promising,0.3,"[""100nM_PgP""; ""1uM_PgP""; ""100nM_BCRP""]",1200.0,false,4,1041,2000
41,SYN-0041,0.0998,0,promising,0.4,"[""100nM_PgP""; ""1uM_PgP""]",800.0,false,5,1041,2000
41,SYN-0041,0.0998,0,promising,0.5,"[""100nM_PgP""; ""1uM_PgP""]",800.0,false,2,1041,2000
41,SYN-0041,0.0998,0,promising,0.6,"[""100nM_PgP""; ""1uM_PgP""]",800.0,false,2,1041,2000
41,SYN-0041,0.0998,0,promising,0.7,"[""100nM_PgP""; ""1uM_PgP""]",800.0,false,4,1041,2000
41,SYN-0041,0.0998,0,promising,0.8,"[""100nM_PgP""; ""1uM_PgP""]",800.0,false,2,1041,2000
41,SYN-0041,0.0998,0,promising,0.9,"[""100nM_PgP""; ""1uM_PgP""]",800.0,false,4,1041,2000
41,SYN-0041,0.0998,0,promising,1.0,"[""100nM_PgP""; ""1uM_PgP""]",800.0,false,1,1041,2000
42,SYN-0042,0.1085,0,borderline,0.0,"[""100nM_PgP""; ""kpuu""; ""1uM_PgP""]",4800.0,true,5,1042,2000
42,SYN-0042,0.1085,0,borderline,0.1,"[""kpuu""]",4000.0,true,4,1042,2000
42,SYN-0042,0.1085,0,borderline,0.2,"[""100nM_PgP""; ""100nM_BCRP""]",800.0,false,2,1042,2000
42,SYN-0042,0.1085,0,borderline,0.3,"[""100nM_PgP""; ""100nM_BCRP""]",800.0,false,3,1042,2000
42,SYN-0042,0.1085,0,borderline,0.4,"[""100nM_PgP""]",400.0,false,1,1042,2000
42,SYN-0042,0.1085,0,borderline,0.5,"[""100nM_PgP""]",400.0,false,2,1042,2000
42,SYN-0042,0.1085,0,borderline,0.6,"[""100nM_PgP""]",400.0,false,3,1042,2000
42,SYN-0042,0.1085,0,borderline,0.7,"[""100nM_PgP""; ""1uM_PgP""; ""100nM_BCRP""]",1200.0,false,3,1042,2000
42,SYN-0042,0.1085,0,borderline,0.8,"[""100nM_PgP""; ""100nM_BCRP""]",800.0,false,2,1042,2000
42,SYN-0042,0.1085,0,borderline,0.9,"[""100nM_PgP""; ""1uM_PgP""; ""100nM_BCRP""]",1200.0,false,4,1042,2000
42,SYN-0042,0.1085,0,borderline,1.0,"[""100nM_PgP""; ""1uM_PgP""; ""100nM_BCRP""]",1200.0,false,2,1042,2000
43,SYN-0043,0.1919,0,borderline,0.0,"[""kpuu""]",4000.0,true,9,1043,2000
43,SYN-0043,0.1919,0,borderline,0.1,"[""100nM_BCRP""]",400.0,false,5,1043,2000
43,SYN-0043,0.1919,0,borderline,0.2,"[""100nM_PgP""; ""1uM_PgP""; ""100nM_BCRP""]",1200.0,false,3,1043,2000
43,SYN-0043,0.1919,0,borderline,0.3,"[""100nM_PgP""; ""1uM_PgP""; ""100nM_BCRP""]",1200.0,false,4,1043,2000
43,SYN-0043,0.1919,0,borderline,0.4,"[""100nM_PgP""; ""1uM_PgP""; ""100nM_BCRP""]",1200.0,false,3,1043,2000
43,SYN-0043,0.1919,0,borderline,0.5,"[""100nM_PgP""; ""1uM_PgP""; ""100nM_BCRP""]",1200.0,false,2,1043,2000
43,SYN-0043,0.1919,0,borderline,0.7,"[""100nM_PgP""; ""1uM_PgP""; ""100nM_BCRP""]",1200.0,false,2,1043,2000
43,SYN-0043,0.1919,0,borderline,0.8,"[""100nM_PgP""; ""1uM_PgP""; ""100nM_BCRP""]",1200.0,false,3,1043,2000
43,SYN-0043,0.1919,0,borderline,0.9,"[""100nM_PgP""; ""1uM_PgP""; ""100nM_BCRP""]",1200.0,false,1,1043,2000
43,SYN-0043,0.1919,0,borderline,1.0,"[""100nM_PgP""; ""1uM_PgP""; ""100nM_BCRP""]",1200.0,false,2,1043,2000
44,SYN-0044,0.4116,0,borderline,0.0,"[""kpuu""]",4000.0,true,10,1044,2000
44,SYN-0044,0.4116,0,borderline,0.012189240815978794,,0.0,false,10,1044,2000
45,SYN-0045,0.3429,0,non_promising,0.0,"[""kpuu""]",4000.0,true,6,1045,2000
45,SYN-0045,0.3429,0,non_promising,0.1,"[""1uM_PgP""]",400.0,false,6,1045,2000
45,SYN-0045,0.3429,0,non_promising,0.2,"[""1uM_PgP""]",400.0,false,1,1045,2000
46,SYN-0046,0.1503,0,borderline,0.0,"[""kpuu""]",4000.0,true,2,1046,2000
46,SYN-0046,0.1503,0,borderline,0.1,"[""kpuu""]",4000.0,true,9,1046,2000
46,SYN-0046,0.1503,0,borderline,0.2,"[""kpuu""]",4000.0,true,7,1046,2000
46,SYN-0046,0.1503,0,borderline,0.3,"[""kpuu""]",4000.0,true,2,1046,2000
46,SYN-0046,0.1503,0,borderline,0.4,"[""kpuu""]",4000.0,true,2,1046,2000
46,SYN-0046,0.1503,0,borderline,0.5,"[""kpuu""]",4000.0,true,3,1046,2000
46,SYN-0046,0.1503,0,borderline,0.6,"[""100nM_PgP""; ""100nM_BCRP""]",800.0,false,2,1046,2000
46,SYN-0046,0.1503,0,borderline,0.7,"[""100nM_PgP""; ""1uM_PgP""]",800.0,false,5,1046,2000
46,SYN-0046,0.1503,0,borderline,0.8,"[""100nM_PgP""; ""1uM_PgP""]",800.0,false,3,1046,2000
46,SYN-0046,0.1503,0,borderline,0.9,"[""100nM_PgP""; ""1uM_PgP""]",800.0,false,2,1046,2000
46,SYN-0046,0.1503,0,borderline,1.0,"[""100nM_PgP""; ""1uM_PgP""]",800.0,false,2,1046,2000
47,SYN-0047,0.1594,0,borderline,0.0,"[""kpuu""]",4000.0,true,10,1047,2000
47,SYN-0047,0.1594,0,borderline,0.1,"[""100nM_PgP""; ""1uM_PgP""; ""100nM_BCRP""]",1200.0,false,3,1047,2000
47,SYN-0047,0.1594,0,borderline,0.2,"[""100nM_PgP""; ""100nM_BCRP""]",800.0,false,2,1047,2000
47,SYN-0047,0.1594,0,borderline,0.3,"[""100nM_PgP""; ""1uM_PgP""; ""100nM_BCRP""]",1200.0,false,4,1047,2000
47,SYN-0047,0.1594,0,borderline,0.4,"[""100nM_PgP""; ""100nM_BCRP""]",800.0,false,3,1047,2000
47,SYN-0047,0.1594,0,borderline,0.5,"[""100nM_PgP""; ""100nM_BCRP""]",800.0,false,1,1047,2000
47,SYN-0047,0.1594,0,borderline,0.6,"[""100nM_PgP""; ""1uM_PgP""; ""100nM_BCRP""]",1200.0,false,1,1047,2000
47,SYN-0047,0.1594,0,borderline,0.7,"[""100nM_PgP""; ""100nM_BCRP""]",800.0,false,2,1047,2000
47,SYN-0047,0.1594,0,borderline,0.8,"[""100nM_PgP""; ""100nM_BCRP""]",800.0,false,3,1047,2000
47,SYN-0047,0.1594,0,borderline,0.9,"[""100nM_PgP""; ""100nM_BCRP""]",800.0,false,1,1047,2000
48,SYN-0048,0.1279,0,borderline,0.0,"[""kpuu""; ""1uM_PgP""; ""100nM_BCRP""]",4800.0,true,7,1048,2000
48,SYN-0048,0.1279,0,borderline,0.1,"[""100nM_PgP""; ""100nM_BCRP""]",800.0,false,3,1048,2000
48,SYN-0048,0.1279,0,borderline,0.2,"[""100nM_PgP""; ""100nM_BCRP""]",800.0,false,3,1048,2000
48,SYN-0048,0.1279,0,borderline,0.3,"[""1uM_PgP""; ""100nM_BCRP""]",800.0,false,2,1048,2000
48,SYN-0048,0.1279,0,borderline,0.4,"[""100nM_BCRP""]",400.0,false,1,1048,2000
48,SYN-0048,0.1279,0,borderline,0.5,"[""100nM_PgP""; ""1uM_PgP""; ""100nM_BCRP""]",1200.0,false,1,1048,2000
48,SYN-0048,0.1279,0,borderline,0.6,"[""100nM_PgP""; ""100nM_BCRP""]",800.0,false,2,1048,2000
48,SYN-0048,0.1279,0,borderline,0.7,"[""1uM_PgP""; ""100nM_BCRP""]",800.0,false,3,1048,2000
48,SYN-0048,0.1279,0,borderline,0.9,"[""100nM_PgP""; ""100nM_BCRP""]",800.0,false,1,1048,2000
48,SYN-0048,0.1279,0,borderline,1.0,"[""100nM_PgP""; ""100nM_BCRP""]",800.0,false,1,1048,2000
49,SYN-0049,0.3011,0,promising,0.0,"[""kpuu""; ""100nM_BCRP""]",4400.0,true,4,1049,2000
49,SYN-0049,0.3011,0,promising,0.1,"[""kpuu""]",4000.0,true,6,1049,2000
49,SYN-0049,0.3011,0,promising,0.2,"[""100nM_PgP""; ""1uM_PgP""]",800.0,false,3,1049,2000
49,SYN-0049,0.3011,0,promising,0.3,"[""100nM_PgP""; ""1uM_PgP""]",800.0,false,2,1049,2000
49,SYN-0049,0.3011,0,promising,0.4,"[""100nM_PgP""; ""1uM_PgP""]",800.0,false,1,1049,2000
49,SYN-0049,0.3011,0,promising,0.5,"[""100nM_PgP""; ""1uM_PgP""; ""100nM_BCRP""]",1200.0,false,3,1049,2000
49,SYN-0049,0.3011,0,promising,0.6,"[""100nM_PgP""; ""1uM_PgP""]",800.0,false,2,1049,2000
49,SYN-0049,0.3011,0,promising,0.7,"[""100nM_PgP""; ""1uM_PgP""; ""100nM_BCRP""]",1200.0,false,3,1049,2000
49,SYN-0049,0.3011,0,promising,0.8,"[""100nM_PgP""; ""1uM_PgP""; ""100nM_BCRP""]",1200.0,false,2,1049,2000
49,SYN-0049,0.3011,0,promising,0.9,"[""100nM_PgP""; ""1uM_PgP""; ""100nM_BCRP""]",1200.0,false,2,1049,2000
49,SYN-0049,0.3011,0,promising,1.0,"[""100nM_PgP""; ""1uM_PgP""]",800.0,false,1,1049,2000
50,SYN-0050,0.068,0,non_promising,0.0,"[""100nM_BCRP""]",400.0,false,2,1050,2000
51,SYN-0051,1.0,1,non_promising,0.0,"[""kpuu""]",4000.0,true,2,1051,2000
51,SYN-0051,1.0,1,non_promising,0.1,"[""100nM_PgP""; ""100nM_BCRP""]",800.0,false,4,1051,2000
51,SYN-0051,1.0,1,non_promising,0.2,"[""100nM_BCRP""]",400.0,false,2,1051,2000
51,SYN-0051,1.0,1,non_promising,0.3,"[""100nM_BCRP""]",400.0,false,3,1051,2000
51,SYN-0051,1.0,1,non_promising,0.4,"[""100nM_BCRP""]",400.0,false,2,1051,2000
51,SYN-0051,1.0,1,non_promising,0.5,"[""100nM_BCRP""]",400.0,false,1,1051,2000
51,SYN-0051,1.0,1,non_promising,0.6,"[""100nM_BCRP""]",400.0,false,1,1051,2000
51,SYN-0051,1.0,1,non_promising,0.7,"[""100nM_BCRP""]",400.0,false,1,1051,2000
51,SYN-0051,1.0,1,non_promising,0.8,"[""100nM_BCRP""]",400.0,false,2,1051,2000
51,SYN-0051,1.0,1,non_promising,0.9,"[""100nM_BCRP""]",400.0,false,1,1051,2000
51,SYN-0051,1.0,1,non_promising,1.0,"[""100nM_BCRP""]",400.0,false,2,1051,2000
52,SYN-0052,0.5489,1,non_promising,0.0,"[""kpuu""; ""1uM_PgP""; ""100nM_BCRP""]",4800.0,true,3,1052,2000
52,SYN-0052,0.5489,1,non_promising,0.1,"[""kpuu""]",4000.0,true,2,1052,2000
52,SYN-0052,0.5489,1,non_promising,0.2,"[""100nM_PgP""; ""100nM_BCRP""]",800.0,false,4,1052,2000
52,SYN-0052,0.5489,1,non_promising,0.3,"[""100nM_BCRP""]",400.0,false,1,1052,2000
52,SYN-0052,0.5489,1,non_promising,0.4,"[""100nM_BCRP""]",400.0,false,1,1052,2000
52,SYN-0052,0.5489,1,non_promising,0.5,"[""100nM_PgP""; ""100nM_BCRP""]",800.0,false,1,1052,2000
52,SYN-0052,0.5489,1,non_promising,0.6,"[""100nM_PgP""; ""1uM_PgP""; ""100nM_BCRP""]",1200.0,false,1,1052,2000
52,SYN-0052,0.5489,1,non_promising,0.7,"[""100nM_PgP""; ""100nM_BCRP""]",800.0,false,1,1052,2000
52,SYN-0052,0.5489,1,non_promising,0.8,"[""1uM_PgP""; ""100nM_BCRP""]",800.0,false,1,1052,2000
52,SYN-0052,0.5489,1,non_promising,0.9,"[""100nM_PgP""; ""100nM_BCRP""]",800.0,false,3,1052,2000
52,SYN-0052,0.5489,1,non_promising,1.0,"[""100nM_PgP""; ""100nM_BCRP""]",800.0,false,1,1052,2000
53,SYN-0053,0.6025,1,promising,0.0,"[""100nM_PgP""; ""kpuu""; ""1uM_PgP""]",4800.0,true,5,1053,2000
53,SYN-0053,0.6025,1,promising,0.1,"[""100nM_PgP""; ""100nM_BCRP""]",800.0,false,3,1053,2000
53,SYN-0053,0.6025,1,promising,0.2,"[""100nM_BCRP""]",400.0,false,5,1053,2000
53,SYN-0053,0.6025,1,promising,0.3,"[""100nM_PgP""; ""1uM_PgP""]",800.0,false,5,1053,2000
53,SYN-0053,0.6025,1,promising,0.4,"[""100nM_PgP""; ""1uM_PgP""]",800.0,false,1,1053,2000
53,SYN-0053,0.6025,1,promising,0.5,"[""100nM_PgP""; ""1uM_PgP""]",800.0,false,2,1053,2000
53,SYN-0053,0.6025,1,promising,0.6,"[""100nM_PgP""; ""1uM_PgP""]",800.0,false,1,1053,2000
53,SYN-0053,0.6025,1,promising,0.7,"[""100nM_PgP""; ""1uM_PgP""]",800.0,false,2,1053,2000
53,SYN-0053,0.6025,1,promising,0.8,"[""100nM_PgP""; ""1uM_PgP""; ""100nM_BCRP""]",1200.0,false,1,1053,2000
53,SYN-0053,0.6025,1,promising,0.9,"[""100nM_PgP""; ""1uM_PgP""]",800.0,false,1,1053,2000
53,SYN-0053,0.6025,1,promising,1.0,"[""100nM_PgP""; ""1uM_PgP""]",800.0,false,1,1053,2000
54,SYN-0054,0.5853,1,non_promising,0.0,"[""kpuu""; ""100nM_BCRP""]",4400.0,true,2,1054,2000
55,SYN-0055,0.213,0,non_promising,0.0,"[""kpuu""]",4000.0,true,7,1055,2000
55,SYN-0055,0.213,0,non_promising,0.1,"[""100nM_PgP""; ""1uM_PgP""; ""100nM_BCRP""]",1200.0,false,3,1055,2000
55,SYN-0055,0.213,0,non_promising,0.2,"[""100nM_PgP""; ""100nM_BCRP""]",800.0,false,3,1055,2000
55,SYN-0055,0.213,0,non_promising,0.3,"[""100nM_PgP""; ""100nM_BCRP""]",800.0,false,3,1055,2000
55,SYN-0055,0.213,0,non_promising,0.4,"[""1uM_PgP""; ""100nM_BCRP""]",800.0,false,2,1055,2000
55,SYN-0055,0.213,0,non_promising,0.5,"[""100nM_PgP""; ""100nM_BCRP""]",800.0,false,2,1055,2000
55,SYN-0055,0.213,0,non_promising,0.6,"[""1uM_PgP""; ""100nM_BCRP""]",800.0,false,1,1055,2000
55,SYN-0055,0.213,0,non_promising,0.7,"[""1uM_PgP""; ""100nM_BCRP""]",800.0,false,2,1055,2000
55,SYN-0055,0.213,0,non_promising,0.8,"[""1uM_PgP""; ""100nM_BCRP""]",800.0,false,2,1055,2000
55,SYN-0055,0.213,0,non_promising,0.9,"[""100nM_PgP""; ""1uM_PgP""; ""100nM_BCRP""]",1200.0,false,1,1055,2000
55,SYN-0055,0.213,0,non_promising,1.0,"[""1uM_PgP""; ""100nM_BCRP""]",800.0,false,4,1055,2000
56,SYN-0056,1.0,1,non_promising,0.0,"[""kpuu""; ""1uM_PgP""]",4400.0,true,5,1056,2000
56,SYN-0056,1.0,1,non_promising,0.1,"[""100nM_PgP""]",400.0,false,4,1056,2000
56,SYN-0056,1.0,1,non_promising,0.2,"[""100nM_PgP""]",400.0,false,3,1056,2000
56,SYN-0056,1.0,1,non_promising,0.3,"[""100nM_PgP""]",400.0,false,1,1056,2000
56,SYN-0056,1.0,1,non_promising,0.4,"[""100nM_PgP""]",400.0,false,2,1056,2000
56,SYN-0056,1.0,1,non_promising,0.5,"[""100nM_PgP""]",400.0,false,4,1056,2000
56,SYN-0056,1.0,1,non_promising,0.6,"[""100nM_PgP""]",400.0,false,2,1056,2000
56,SYN-0056,1.0,1,non_promising,0.7,"[""100nM_PgP""]",400.0,false,2,1056,2000
57,SYN-0057,1.0,1,borderline,0.0,"[""kpuu""]",4000.0,true,10,1057,2000
57,SYN-0057,1.0,1,borderline,0.1,"[""1uM_PgP""; ""100nM_BCRP""]",800.0,false,4,1057,2000
57,SYN-0057,1.0,1,borderline,0.2,"[""100nM_PgP""; ""100nM_BCRP""]",800.0,false,2,1057,2000
57,SYN-0057,1.0,1,borderline,0.3,"[""100nM_PgP""; ""100nM_BCRP""]",800.0,false,2,1057,2000
57,SYN-0057,1.0,1,borderline,0.4,"[""100nM_PgP""; ""100nM_BCRP""]",800.0,false,6,1057,2000
57,SYN-0057,1.0,1,borderline,0.5,"[""100nM_PgP""; ""1uM_PgP""; ""100nM_BCRP""]",1200.0,false,2,1057,2000
57,SYN-0057,1.0,1,borderline,0.6,"[""100nM_PgP""; ""100nM_BCRP""]",800.0,false,3,1057,2000
57,SYN-0057,1.0,1,borderline,0.7,"[""100nM_PgP""; ""1uM_PgP""; ""100nM_BCRP""]",1200.0,false,3,1057,2000
57,SYN-0057,1.0,1,borderline,0.8,"[""100nM_PgP""; ""1uM_PgP""; ""100nM_BCRP""]",1200.0,false,4,1057,2000
57,SYN-0057,1.0,1,borderline,0.9,"[""100nM_PgP""; ""1uM_PgP""; ""100nM_BCRP""]",1200.0,false,2,1057,2000
57,SYN-0057,1.0,1,borderline,1.0,"[""100nM_PgP""; ""1uM_PgP""; ""100nM_BCRP""]",1200.0,false,2,1057,2000
58,SYN-0058,0.1297,0,non_promising,0.0,"[""kpuu""]",4000.0,true,4,1058,2000
58,SYN-0058,0.1297,0,non_promising,0.1,"[""100nM_BCRP""]",400.0,false,4,1058,2000
58,SYN-0058,0.1297,0,non_promising,0.2,"[""100nM_BCRP""]",400.0,false,4,1058,2000
58,SYN-0058,0.1297,0,non_promising,0.3,"[""100nM_PgP""]",400.0,false,2,1058,2000
58,SYN-0058,0.1297,0,non_promising,0.4,"[""100nM_PgP""]",400.0,false,3,1058,2000
58,SYN-0058,0.1297,0,non_promising,0.5,"[""100nM_PgP""]",400.0,false,1,1058,2000
58,SYN-0058,0.1297,0,non_promising,0.6,"[""100nM_BCRP""]",400.0,false,3,1058,2000
58,SYN-0058,0.1297,0,non_promising,0.7,"[""100nM_PgP""]",400.0,false,1,1058,2000
58,SYN-0058,0.1297,0,non_promising,0.9,"[""100nM_BCRP""]",400.0,false,2,1058,2000
59,SYN-0059,0.1324,0,non_promising,0.0,"[""kpuu""]",4000.0,true,9,1059,2000
59,SYN-0059,0.1324,0,non_promising,0.1,"[""1uM_PgP""]",400.0,false,6,1059,2000
59,SYN-0059,0.1324,0,non_promising,0.16674899450587172,,0.0,false,10,1059,2000
60,SYN-0060,1.0,1,borderline,0.0,"[""kpuu""; ""100nM_BCRP""]",4400.0,true,5,1060,2000
60,SYN-0060,1.0,1,borderline,0.1,"[""kpuu""]",4000.0,true,7,1060,2000
60,SYN-0060,1.0,1,borderline,0.2,"[""100nM_BCRP""]",400.0,false,3,1060,2000
60,SYN-0060,1.0,1,borderline,0.3,"[""100nM_PgP""]",400.0,false,3,1060,2000
60,SYN-0060,1.0,1,borderline,0.4,"[""100nM_BCRP""]",400.0,false,3,1060,2000
60,SYN-0060,1.0,1,borderline,0.5,"[""1uM_PgP""; ""100nM_BCRP""]",800.0,false,4,1060,2000
60,SYN-0060,1.0,1,borderline,0.6,"[""100nM_PgP""; ""1uM_PgP""]",800.0,false,5,1060,2000
60,SYN-0060,1.0,1,borderline,0.7,"[""100nM_PgP""; ""100nM_BCRP""]",800.0,false,8,1060,2000
60,SYN-0060,1.0,1,borderline,0.8,"[""100nM_PgP""; ""100nM_BCRP""]",800.0,false,1,1060,2000
61,SYN-0061,0.2909,0,promising,0.0,"[""100nM_PgP""; ""1uM_PgP""; ""100nM_BCRP""]",1200.0,false,3,1061,2000
61,SYN-0061,0.2909,0,promising,0.1,"[""kpuu""]",4000.0,true,4,1061,2000
61,SYN-0061,0.2909,0,promising,0.2,"[""100nM_BCRP""]",400.0,false,2,1061,2000
61,SYN-0061,0.2909,0,promising,0.3,"[""100nM_PgP""; ""1uM_PgP""; ""100nM_BCRP""]",1200.0,false,3,1061,2000
61,SYN-0061,0.2909,0,promising,0.4,"[""100nM_PgP""; ""1uM_PgP""]",800.0,false,2,1061,2000
61,SYN-0061,0.2909,0,promising,0.5,"[""100nM_PgP""; ""1uM_PgP""]",800.0,false,4,1061,2000
61,SYN-0061,0.2909,0,promising,0.6,"[""100nM_PgP""; ""1uM_PgP""]",800.0,false,2,1061,2000
61,SYN-0061,0.2909,0,promising,0.7,"[""100nM_PgP""; ""1uM_PgP""]",800.0,false,4,1061,2000
61,SYN-0061,0.2909,0,promising,0.8,"[""100nM_PgP""; ""1uM_PgP""]",800.0,false,2,1061,2000
61,SYN-0061,0.2909,0,promising,0.9,"[""100nM_PgP""; ""1uM_PgP""]",800.0,false,5,1061,2000
62,SYN-0062,0.0891,0,non_promising,0.0,"[""kpuu""]",4000.0,true,6,1062,2000
62,SYN-0062,0.0891,0,non_promising,0.1,"[""100nM_PgP""]",400.0,false,4,1062,2000
62,SYN-0062,0.0891,0,non_promising,0.2,"[""100nM_PgP""]",400.0,false,2,1062,2000
62,SYN-0062,0.0891,0,non_promising,0.3,"[""100nM_PgP""]",400.0,false,1,1062,2000
62,SYN-0062,0.0891,0,non_promising,0.4,"[""100nM_PgP""]",400.0,false,3,1062,2000
62,SYN-0062,0.0891,0,non_promising,0.5,"[""1uM_PgP""]",400.0,false,2,1062,2000
62,SYN-0062,0.0891,0,non_promising,0.7,"[""100nM_PgP""]",400.0,false,1,1062,2000
62,SYN-0062,0.0891,0,non_promising,0.8,"[""100nM_PgP""]",400.0,false,1,1062,2000
62,SYN-0062,0.0891,0,non_promising,0.9,"[""1uM_PgP""]",400.0,false,2,1062,2000
62,SYN-0062,0.0891,0,non_promising,1.0,"[""100nM_PgP""]",400.0,false,1,1062,2000
63,SYN-0063,0.1436,0,non_promising,0.0,"[""kpuu""]",4000.0,true,7,1063,2000
63,SYN-0063,0.1436,0,non_promising,0.1,"[""100nM_PgP""; ""100nM_BCRP""]",800.0,false,5,1063,2000
63,SYN-0063,0.1436,0,non_promising,0.2,"[""100nM_PgP""; ""100nM_BCRP""]",800.0,false,5,1063,2000
63,SYN-0063,0.1436,0,non_promising,0.3,"[""100nM_PgP""; ""100nM_BCRP""]",800.0,false,3,1063,2000
63,SYN-0063,0.1436,0,non_promising,0.4,"[""100nM_PgP""; ""100nM_BCRP""]",800.0,false,4,1063,2000
63,SYN-0063,0.1436,0,non_promising,0.6,"[""100nM_PgP""; ""1uM_PgP""]",800.0,false,3,1063,2000
63,SYN-0063,0.1436,0,non_promising,0.7,"[""100nM_PgP""; ""100nM_BCRP""]",800.0,false,1,1063,2000
63,SYN-0063,0.1436,0,non_promising,0.8,"[""100nM_PgP""; ""1uM_PgP""]",800.0,false,2,1063,2000
63,SYN-0063,0.1436,0,non_promising,0.9,"[""100nM_PgP""; ""100nM_BCRP""]",800.0,false,2,1063,2000
63,SYN-0063,0.1436,0,non_promising,1.0,"[""100nM_PgP""; ""1uM_PgP""]",800.0,false,2,1063,2000
64,SYN-0064,0.2731,0,non_promising,0.0,"[""kpuu""; ""1uM_PgP""]",4400.0,true,4,1064,2000
64,SYN-0064,0.2731,0,non_promising,0.1,"[""100nM_BCRP""]",400.0,false,5,1064,2000
64,SYN-0064,0.2731,0,non_promising,0.2,"[""100nM_BCRP""]",400.0,false,3,1064,2000
64,SYN-0064,0.2731,0,non_promising,0.3,"[""100nM_BCRP""]",400.0,false,4,1064,2000
64,SYN-0064,0.2731,0,non_promising,0.4,"[""1uM_PgP""; ""100nM_BCRP""]",800.0,false,1,1064,2000
64,SYN-0064,0.2731,0,non_promising,0.5,"[""100nM_BCRP""]",400.0,false,1,1064,2000
64,SYN-0064,0.2731,0,non_promising,0.7,"[""100nM_BCRP""]",400.0,false,1,1064,2000
64,SYN-0064,0.2731,0,non_promising,0.8,"[""100nM_BCRP""]",400.0,false,3,1064,2000
64,SYN-0064,0.2731,0,non_promising,0.9,"[""100nM_BCRP""]",400.0,false,3,1064,2000
65,SYN-0065,1.0,1,non_promising,0.0,"[""100nM_PgP""; ""kpuu""]",4400.0,true,3,1065,2000
65,SYN-0065,1.0,1,non_promising,0.1,"[""100nM_PgP""; ""1uM_PgP""]",800.0,false,3,1065,2000
65,SYN-0065,1.0,1,non_promising,0.2,"[""100nM_PgP""; ""100nM_BCRP""]",800.0,false,2,1065,2000
65,SYN-0065,1.0,1,non_promising,0.3,"[""100nM_PgP""; ""100nM_BCRP""]",800.0,false,2,1065,2000
65,SYN-0065,1.0,1,non_promising,0.4,"[""100nM_PgP""; ""100nM_BCRP""]",800.0,false,2,1065,2000
65,SYN-0065,1.0,1,non_promising,0.5,"[""100nM_PgP""; ""1uM_PgP""]",800.0,false,2,1065,2000
65,SYN-0065,1.0,1,non_promising,0.6,"[""100nM_PgP""; ""1uM_PgP""]",800.0,false,2,1065,2000
65,SYN-0065,1.0,1,non_promising,0.7,"[""100nM_PgP""; ""100nM_BCRP""]",800.0,false,1,1065,2000
65,SYN-0065,1.0,1,non_promising,0.8,"[""100nM_PgP""; ""1uM_PgP""]",800.0,false,1,1065,2000
66,SYN-0066,0.5369,1,borderline,0.0,"[""kpuu""]",4000.0,true,10,1066,2000
66,SYN-0066,0.5369,1,borderline,0.1,"[""100nM_PgP""; ""100nM_BCRP""]",800.0,false,2,1066,2000
66,SYN-0066,0.5369,1,borderline,0.2,"[""100nM_PgP""; ""100nM_BCRP""]",800.0,false,4,1066,2000
66,SYN-0066,0.5369,1,borderline,0.3,"[""100nM_PgP""; ""100nM_BCRP""]",800.0,false,2,1066,2000
66,SYN-0066,0.5369,1,borderline,0.4,"[""100nM_BCRP""]",400.0,false,2,1066,2000
66,SYN-0066,0.5369,1,borderline,0.5,"[""100nM_PgP""; ""1uM_PgP""; ""100nM_BCRP""]",1200.0,false,4,1066,2000
66,SYN-0066,0.5369,1,borderline,0.6,"[""100nM_PgP""; ""100nM_BCRP""]",800.0,false,1,1066,2000
66,SYN-0066,0.5369,1,borderline,0.7,"[""100nM_PgP""; ""1uM_PgP""; ""100nM_BCRP""]",1200.0,false,3,1066,2000
66,SYN-0066,0.5369,1,borderline,0.8,"[""100nM_PgP""; ""1uM_PgP""; ""100nM_BCRP""]",1200.0,false,3,1066,2000
66,SYN-0066,0.5369,1,borderline,0.9,"[""100nM_PgP""; ""1uM_PgP""; ""100nM_BCRP""]",1200.0,false,1,1066,2000
66,SYN-0066,0.5369,1,borderline,1.0,"[""100nM_PgP""; ""1uM_PgP""; ""100nM_BCRP""]",1200.0,false,2,1066,2000
67,SYN-0067,0.2011,0,borderline,0.0,"[""100nM_PgP""]",400.0,false,7,1067,2000
67,SYN-0067,0.2011,0,borderline,0.1,"[""100nM_PgP""; ""100nM_BCRP""]",800.0,false,5,1067,2000
67,SYN-0067,0.2011,0,borderline,0.2,"[""100nM_PgP""]",400.0,false,7,1067,2000
67,SYN-0067,0.2011,0,borderline,0.3,"[""100nM_PgP""]",400.0,false,2,1067,2000
67,SYN-0067,0.2011,0,borderline,0.4,"[""100nM_PgP""; ""1uM_PgP""]",800.0,false,4,1067,2000
67,SYN-0067,0.2011,0,borderline,0.5,"[""100nM_PgP""]",400.0,false,6,1067,2000
67,SYN-0067,0.2011,0,borderline,0.6,"[""100nM_PgP""]",400.0,false,2,1067,2000
67,SYN-0067,0.2011,0,borderline,0.7,"[""100nM_PgP""]",400.0,false,1,1067,2000
67,SYN-0067,0.2011,0,borderline,0.8,"[""1uM_PgP""]",400.0,false,2,1067,2000
68,SYN-0068,0.2362,0,non_promising,0.0,"[""100nM_PgP""; ""kpuu""]",4400.0,true,6,1068,2000
68,SYN-0068,0.2362,0,non_promising,0.1,"[""kpuu""]",4000.0,true,2,1068,2000
68,SYN-0068,0.2362,0,non_promising,0.2,"[""100nM_PgP""; ""1uM_PgP""; ""100nM_BCRP""]",1200.0,false,3,1068,2000
68,SYN-0068,0.2362,0,non_promising,0.3,"[""100nM_PgP""; ""1uM_PgP""; ""100nM_BCRP""]",1200.0,false,3,1068,2000
68,SYN-0068,0.2362,0,non_promising,0.4,"[""100nM_PgP""; ""1uM_PgP""; ""100nM_BCRP""]",1200.0,false,3,1068,2000
68,SYN-0068,0.2362,0,non_promising,0.5,"[""100nM_PgP""; ""1uM_PgP""; ""100nM_BCRP""]",1200.0,false,2,1068,2000
68,SYN-0068,0.2362,0,non_promising,0.6,"[""100nM_PgP""; ""1uM_PgP""; ""100nM_BCRP""]",1200.0,false,1,1068,2000
68,SYN-0068,0.2362,0,non_promising,0.7,"[""1uM_PgP""; ""100nM_BCRP""]",800.0,false,2,1068,2000
68,SYN-0068,0.2362,0,non_promising,0.8,"[""100nM_PgP""; ""1uM_PgP""; ""100nM_BCRP""]",1200.0,false,2,1068,2000
68,SYN-0068,0.2362,0,non_promising,0.9,"[""100nM_PgP""; ""1uM_PgP""; ""100nM_BCRP""]",1200.0,false,2,1068,2000
68,SYN-0068,0.2362,0,non_promising,1.0,"[""100nM_PgP""; ""1uM_PgP""; ""100nM_BCRP""]",1200.0,false,1,1068,2000
69,SYN-0069,0.2482,0,non_promising,0.0,"[""kpuu""]",4000.0,true,4,1069,2000
69,SYN-0069,0.2482,0,non_promising,0.1,"[""1uM_PgP""]",400.0,false,4,1069,2000
69,SYN-0069,0.2482,0,non_promising,0.2,"[""1uM_PgP""]",400.0,false,1,1069,2000
69,SYN-0069,0.2482,0,non_promising,0.3,"[""100nM_BCRP""]",400.0,false,2,1069,2000
69,SYN-0069,0.2482,0,non_promising,0.4,"[""100nM_BCRP""]",400.0,false,3,1069,2000
69,SYN-0069,0.2482,0,non_promising,0.5,"[""1uM_PgP""]",400.0,false,2,1069,2000
69,SYN-0069,0.2482,0,non_promising,0.6,"[""100nM_BCRP""]",400.0,false,1,1069,2000
69,SYN-0069,0.2482,0,non_promising,0.7,"[""100nM_BCRP""]",400.0,false,1,1069,2000
69,SYN-0069,0.2482,0,non_promising,0.9,"[""100nM_BCRP""]",400.0,false,1,1069,2000
69,SYN-0069,0.2482,0,non_promising,1.0,"[""100nM_BCRP""]",400.0,false,1,1069,2000
70,SYN-0070,0.2643,0,borderline,0.0,"[""100nM_PgP""; ""1uM_PgP""]",800.0,false,3,1070,2000
70,SYN-0070,0.2643,0,borderline,0.1,"[""kpuu""]",4000.0,true,7,1070,2000
70,SYN-0070,0.2643,0,borderline,0.2,"[""kpuu""]",4000.0,true,4,1070,2000
70,SYN-0070,0.2643,0,borderline,0.3,"[""100nM_PgP""; ""1uM_PgP""]",800.0,false,4,1070,2000
70,SYN-0070,0.2643,0,borderline,0.5,"[""100nM_PgP""; ""1uM_PgP""; ""100nM_BCRP""]",1200.0,false,3,1070,2000
70,SYN-0070,0.2643,0,borderline,0.6,"[""100nM_PgP""; ""1uM_PgP""; ""100nM_BCRP""]",1200.0,false,4,1070,2000
70,SYN-0070,0.2643,0,borderline,0.7,"[""100nM_PgP""; ""1uM_PgP""]",800.0,false,2,1070,2000
70,SYN-0070,0.2643,0,borderline,0.8,"[""100nM_PgP""; ""1uM_PgP""]",800.0,false,2,1070,2000
70,SYN-0070,0.2643,0,borderline,0.9,"[""100nM_PgP""; ""1uM_PgP""; ""100nM_BCRP""]",1200.0,false,2,1070,2000
70,SYN-0070,0.2643,0,borderline,1.0,"[""100nM_PgP""; ""1uM_PgP""]",800.0,false,3,1070,2000
71,SYN-0071,0.2444,0,borderline,0.0,"[""100nM_PgP""; ""1uM_PgP""]",800.0,false,5,1071,2000
71,SYN-0071,0.2444,0,borderline,0.1,"[""100nM_PgP""; ""1uM_PgP""; ""100nM_BCRP""]",1200.0,false,3,1071,2000
71,SYN-0071,0.2444,0,borderline,0.2,"[""100nM_PgP""; ""1uM_PgP""]",800.0,false,5,1071,2000
71,SYN-0071,0.2444,0,borderline,0.3,"[""100nM_PgP""; ""1uM_PgP""]",800.0,false,7,1071,2000
71,SYN-0071,0.2444,0,borderline,0.4,"[""1uM_PgP""]",400.0,false,5,1071,2000
71,SYN-0071,0.2444,0,borderline,0.5,"[""1uM_PgP""]",400.0,false,1,1071,2000
71,SYN-0071,0.2444,0,borderline,0.6,"[""1uM_PgP""]",400.0,false,4,1071,2000
71,SYN-0071,0.2444,0,borderline,0.7,"[""1uM_PgP""]",400.0,false,1,1071,2000
71,SYN-0071,0.2444,0,borderline,0.8,"[""1uM_PgP""]",400.0,false,1,1071,2000
71,SYN-0071,0.2444,0,borderline,0.9,"[""1uM_PgP""]",400.0,false,2,1071,2000
71,SYN-0071,0.2444,0,borderline,1.0,"[""1uM_PgP""]",400.0,false,3,1071,2000
72,SYN-0072,1.0,1,promising,0.0,"[""100nM_PgP""; ""kpuu""]",4400.0,true,4,1072,2000
72,SYN-0072,1.0,1,promising,0.1,"[""kpuu""]",4000.0,true,4,1072,2000
72,SYN-0072,1.0,1,promising,0.2,"[""100nM_PgP""; ""1uM_PgP""; ""100nM_BCRP""]",1200.0,false,2,1072,2000
72,SYN-0072,1.0,1,promising,0.3,"[""100nM_PgP""; ""1uM_PgP""; ""100nM_BCRP""]",1200.0,false,3,1072,2000
72,SYN-0072,1.0,1,promising,0.4,"[""100nM_PgP""; ""1uM_PgP""; ""100nM_BCRP""]",1200.0,false,3,1072,2000
72,SYN-0072,1.0,1,promising,0.5,"[""100nM_PgP""; ""1uM_PgP""]",800.0,false,2,1072,2000
72,SYN-0072,1.0,1,promising,0.6,"[""100nM_PgP""; ""1uM_PgP""]",800.0,false,1,1072,2000
72,SYN-0072,1.0,1,promising,0.7,"[""100nM_PgP""; ""1uM_PgP""; ""100nM_BCRP""]",1200.0,false,1,1072,2000
72,SYN-0072,1.0,1,promising,0.8,"[""100nM_PgP""; ""1uM_PgP""; ""100nM_BCRP""]",1200.0,false,1,1072,2000
72,SYN-0072,1.0,1,promising,0.9,"[""100nM_PgP""; ""1uM_PgP""; ""100nM_BCRP""]",1200.0,false,2,1072,2000
72,SYN-0072,1.0,1,promising,1.0,"[""100nM_PgP""; ""1uM_PgP""; ""100nM_BCRP""]",1200.0,false,1,1072,2000
73,SYN-0073,0.5242,1,non_promising,0.0,"[""100nM_PgP""]",400.0,false,2,1073,2000
74,SYN-0074,0.1235,0,promising,0.0,"[""100nM_PgP""; ""kpuu""; ""100nM_BCRP""]",4800.0,true,4,1074,2000
74,SYN-0074,0.1235,0,promising,0.1,"[""kpuu""]",4000.0,true,6,1074,2000
74,SYN-0074,0.1235,0,promising,0.2,"[""100nM_PgP""; ""1uM_PgP""; ""100nM_BCRP""]",1200.0,false,4,1074,2000
74,SYN-0074,0.1235,0,promising,0.3,"[""100nM_PgP""; ""1uM_PgP""; ""100nM_BCRP""]",1200.0,false,3,1074,2000
74,SYN-0074,0.1235,0,promising,0.5,"[""100nM_PgP""; ""1uM_PgP""; ""100nM_BCRP""]",1200.0,false,2,1074,2000
74,SYN-0074,0.1235,0,promising,0.6,"[""100nM_PgP""; ""1uM_PgP""; ""100nM_BCRP""]",1200.0,false,2,1074,2000
74,SYN-0074,0.1235,0,promising,0.7,"[""100nM_PgP""; ""1uM_PgP""]",800.0,false,1,1074,2000
75,SYN-0075,1.0,1,promising,0.0,"[""kpuu""]",4000.0,true,5,1075,2000
75,SYN-0075,1.0,1,promising,0.1,"[""1uM_PgP""]",400.0,false,5,1075,2000
75,SYN-0075,1.0,1,promising,0.2,"[""1uM_PgP""]",400.0,false,6,1075,2000
75,SYN-0075,1.0,1,promising,0.3,"[""1uM_PgP""]",400.0,false,4,1075,2000
75,SYN-0075,1.0,1,promising,0.4,"[""1uM_PgP""]",400.0,false,2,1075,2000
75,SYN-0075,1.0,1,promising,0.5,"[""1uM_PgP""]",400.0,false,2,1075,2000
75,SYN-0075,1.0,1,promising,0.8,"[""1uM_PgP""]",400.0,false,2,1075,2000
76,SYN-0076,1.0,1,non_promising,0.0,"[""kpuu""]",4000.0,true,2,1076,2000
76,SYN-0076,1.0,1,non_promising,0.1,"[""100nM_PgP""; ""100nM_BCRP""]",800.0,false,4,1076,2000
76,SYN-0076,1.0,1,non_promising,0.2,"[""100nM_PgP""; ""1uM_PgP""; ""100nM_BCRP""]",1200.0,false,2,1076,2000
76,SYN-0076,1.0,1,non_promising,0.3,"[""100nM_PgP""; ""1uM_PgP""; ""100nM_BCRP""]",1200.0,false,2,1076,2000
76,SYN-0076,1.0,1,non_promising,0.4,"[""100nM_PgP""; ""100nM_BCRP""]",800.0,false,2,1076,2000
76,SYN-0076,1.0,1,non_promising,0.5,"[""100nM_PgP""; ""1uM_PgP""; ""100nM_BCRP""]",1200.0,false,1,1076,2000
76,SYN-0076,1.0,1,non_promising,0.6,"[""100nM_PgP""; ""1uM_PgP""; ""100nM_BCRP""]",1200.0,false,1,1076,2000
76,SYN-0076,1.0,1,non_promising,0.7,"[""100nM_PgP""; ""100nM_BCRP""]",800.0,false,1,1076,2000
77,SYN-0077,0.1863,0,non_promising,0.0,"[""100nM_PgP""; ""kpuu""; ""100nM_BCRP""]",4800.0,true,4,1077,2000
77,SYN-0077,0.1863,0,non_promising,0.1,"[""100nM_PgP""; ""1uM_PgP""]",800.0,false,4,1077,2000
77,SYN-0077,0.1863,0,non_promising,0.2,"[""100nM_PgP""]",400.0,false,3,1077,2000
77,SYN-0077,0.1863,0,non_promising,0.3,"[""100nM_PgP""]",400.0,false,2,1077,2000
77,SYN-0077,0.1863,0,non_promising,0.4,"[""100nM_PgP""]",400.0,false,5,1077,2000
77,SYN-0077,0.1863,0,non_promising,0.5,"[""100nM_PgP""]",400.0,false,2,1077,2000
77,SYN-0077,0.1863,0,non_promising,0.7,"[""100nM_PgP""]",400.0,false,2,1077,2000
77,SYN-0077,0.1863,0,non_promising,0.8,"[""100nM_PgP""]",400.0,false,1,1077,2000
77,SYN-0077,0.1863,0,non_promising,1.0,"[""100nM_PgP""]",400.0,false,1,1077,2000
78,SYN-0078,0.7668,1,borderline,0.0,"[""100nM_PgP""; ""kpuu""; ""100nM_BCRP""]",4800.0,true,10,1078,2000
78,SYN-0078,0.7668,1,borderline,0.1,"[""kpuu""]",4000.0,true,7,1078,2000
78,SYN-0078,0.7668,1,borderline,0.2,"[""kpuu""]",4000.0,true,6,1078,2000
78,SYN-0078,0.7668,1,borderline,0.3,"[""kpuu""]",4000.0,true,1,1078,2000
78,SYN-0078,0.7668,1,borderline,0.4,"[""kpuu""]",4000.0,true,2,1078,2000
78,SYN-0078,0.7668,1,borderline,0.5,"[""kpuu""]",4000.0,true,1,1078,2000
78,SYN-0078,0.7668,1,borderline,0.6,"[""100nM_PgP""; ""1uM_PgP""; ""100nM_BCRP""]",1200.0,false,4,1078,2000
78,SYN-0078,0.7668,1,borderline,0.7,"[""100nM_PgP""; ""1uM_PgP""; ""100nM_BCRP""]",1200.0,false,3,1078,2000
78,SYN-0078,0.7668,1,borderline,0.8,"[""100nM_PgP""; ""1uM_PgP""]",800.0,false,3,1078,2000
78,SYN-0078,0.7668,1,borderline,0.9,"[""100nM_PgP""; ""1uM_PgP""; ""100nM_BCRP""]",1200.0,false,4,1078,2000
79,SYN-0079,0.1051,0,promising,0.0,"[""kpuu""]",4000.0,true,8,1079,2000
79,SYN-0079,0.1051,0,promising,0.1,"[""kpuu""]",4000.0,true,5,1079,2000
79,SYN-0079,0.1051,0,promising,0.2,"[""100nM_PgP""; ""1uM_PgP""; ""100nM_BCRP""]",1200.0,false,4,1079,2000
79,SYN-0079,0.1051,0,promising,0.3,"[""100nM_PgP""; ""1uM_PgP""]",800.0,false,3,1079,2000
79,SYN-0079,0.1051,0,promising,0.4,"[""100nM_PgP""; ""1uM_PgP""]",800.0,false,4,1079,2000
79,SYN-0079,0.1051,0,promising,0.5,"[""100nM_PgP""; ""1uM_PgP""; ""100nM_BCRP""]",1200.0,false,2,1079,2000
79,SYN-0079,0.1051,0,promising,0.6,"[""100nM_PgP""; ""1uM_PgP""]",800.0,false,4,1079,2000
79,SYN-0079,0.1051,0,promising,0.7,"[""100nM_PgP""; ""1uM_PgP""]",800.0,false,2,1079,2000
79,SYN-0079,0.1051,0,promising,0.8,"[""100nM_PgP""; ""1uM_PgP""]",800.0,false,2,1079,2000
79,SYN-0079,0.1051,0,promising,0.9,"[""100nM_PgP""; ""1uM_PgP""]",800.0,false,1,1079,2000
79,SYN-0079,0.1051,0,promising,1.0,"[""100nM_PgP""; ""1uM_PgP""]",800.0,false,1,1079,2000
80,SYN-0080,0.0811,0,promising,0.0,"[""kpuu""]",4000.0,true,10,1080,2000
80,SYN-0080,0.0811,0,promising,0.1,"[""1uM_PgP""; ""100nM_BCRP""]",800.0,false,4,1080,2000
80,SYN-0080,0.0811,0,promising,0.2,"[""100nM_PgP""; ""1uM_PgP""; ""100nM_BCRP""]",1200.0,false,3,1080,2000
80,SYN-0080,0.0811,0,promising,0.3,"[""100nM_PgP""; ""1uM_PgP""; ""100nM_BCRP""]",1200.0,false,3,1080,2000
80,SYN-0080,0.0811,0,promising,0.4,"[""100nM_PgP""; ""100nM_BCRP""]",800.0,false,3,1080,2000
80,SYN-0080,0.0811,0,promising,0.5,"[""100nM_PgP""; ""100nM_BCRP""]",800.0,false,2,1080,2000
80,SYN-0080,0.0811,0,promising,0.6,"[""100nM_PgP""; ""1uM_PgP""]",800.0,false,4,1080,2000
80,SYN-0080,0.0811,0,promising,0.7,"[""100nM_PgP""; ""1uM_PgP""; ""100nM_BCRP""]",1200.0,false,3,1080,2000
80,SYN-0080,0.0811,0,promising,0.8,"[""100nM_PgP""; ""1uM_PgP""; ""100nM_BCRP""]",1200.0,false,2,1080,2000
80,SYN-0080,0.0811,0,promising,0.9,"[""100nM_PgP""; ""1uM_PgP""]",800.0,false,2,1080,2000
80,SYN-0080,0.0811,0,promising,1.0,"[""100nM_PgP""; ""1uM_PgP""; ""100nM_BCRP""]",1200.0,false,1,1080,2000
81,SYN-0081,0.4009,0,promising,0.0,"[""kpuu""]",4000.0,true,9,1081,2000
81,SYN-0081,0.4009,0,promising,0.1,"[""1uM_PgP""; ""100nM_BCRP""]",800.0,false,4,1081,2000
81,SYN-0081,0.4009,0,promising,0.2,"[""1uM_PgP""]",400.0,false,6,1081,2000
81,SYN-0081,0.4009,0,promising,0.3,"[""1uM_PgP""]",400.0,false,4,1081,2000
81,SYN-0081,0.4009,0,promising,0.4,"[""100nM_BCRP""]",400.0,false,10,1081,2000
81,SYN-0081,0.4009,0,promising,0.5,"[""100nM_BCRP""]",400.0,false,1,1081,2000
82,SYN-0082,0.1777,0,non_promising,0.0,"[""100nM_PgP""; ""kpuu""; ""100nM_BCRP""]",4800.0,true,3,1082,2000
82,SYN-0082,0.1777,0,non_promising,0.1,"[""kpuu""]",4000.0,true,3,1082,2000
82,SYN-0082,0.1777,0,non_promising,0.2,"[""100nM_PgP""; ""1uM_PgP""; ""100nM_BCRP""]",1200.0,false,5,1082,2000
82,SYN-0082,0.1777,0,non_promising,0.3,"[""100nM_PgP""; ""1uM_PgP""]",800.0,false,2,1082,2000
82,SYN-0082,0.1777,0,non_promising,0.4,"[""100nM_PgP""; ""1uM_PgP""]",800.0,false,3,1082,2000
82,SYN-0082,0.1777,0,non_promising,0.5,"[""100nM_PgP""; ""1uM_PgP""]",800.0,false,2,1082,2000
82,SYN-0082,0.1777,0,non_promising,0.6,"[""100nM_PgP""; ""1uM_PgP""]",800.0,false,1,1082,2000
82,SYN-0082,0.1777,0,non_promising,0.7,"[""1uM_PgP""]",400.0,false,1,1082,2000
82,SYN-0082,0.1777,0,non_promising,0.8,"[""100nM_PgP""; ""1uM_PgP""; ""100nM_BCRP""]",1200.0,false,2,1082,2000
82,SYN-0082,0.1777,0,non_promising,0.9,"[""100nM_PgP""; ""1uM_PgP""; ""100nM_BCRP""]",1200.0,false,2,1082,2000
82,SYN-0082,0.1777,0,non_promising,1.0,"[""100nM_PgP""; ""1uM_PgP""; ""100nM_BCRP""]",1200.0,false,2,1082,2000
83,SYN-0083,0.0338,0,borderline,0.0,"[""kpuu""]",4000.0,true,4,1083,2000
83,SYN-0083,0.0338,0,borderline,0.1,"[""kpuu""]",4000.0,true,6,1083,2000
83,SYN-0083,0.0338,0,borderline,0.2,"[""100nM_PgP""; ""100nM_BCRP""]",800.0,false,6,1083,2000
83,SYN-0083,0.0338,0,borderline,0.3,"[""100nM_BCRP""]",400.0,false,1,1083,2000
83,SYN-0083,0.0338,0,borderline,0.4,"[""1uM_PgP""; ""100nM_BCRP""]",800.0,false,5,1083,2000
83,SYN-0083,0.0338,0,borderline,0.5,"[""1uM_PgP""; ""100nM_BCRP""]",800.0,false,3,1083,2000
83,SYN-0083,0.0338,0,borderline,0.6,"[""1uM_PgP""; ""100nM_BCRP""]",800.0,false,4,1083,2000
83,SYN-0083,0.0338,0,borderline,0.7,"[""1uM_PgP""; ""100nM_BCRP""]",800.0,false,1,1083,2000
83,SYN-0083,0.0338,0,borderline,0.9,"[""1uM_PgP""; ""100nM_BCRP""]",800.0,false,1,1083,2000
83,SYN-0083,0.0338,0,borderline,1.0,"[""1uM_PgP""; ""100nM_BCRP""]",800.0,false,2,1083,2000
84,SYN-0084,0.7817,1,non_promising,0.0,"[""kpuu""; ""100nM_BCRP""]",4400.0,true,5,1084,2000
85,SYN-0085,0.081,0,non_promising,0.0,"[""kpuu""; ""1uM_PgP""; ""100nM_BCRP""]",4800.0,true,2,1085,2000
86,SYN-0086,0.1452,0,promising,0.0,"[""kpuu""]",4000.0,true,9,1086,2000
86,SYN-0086,0.1452,0,promising,0.1,"[""100nM_PgP""; ""1uM_PgP""; ""100nM_BCRP""]",1200.0,false,4,1086,2000
86,SYN-0086,0.1452,0,promising,0.2,"[""100nM_PgP""; ""1uM_PgP""; ""100nM_BCRP""]",1200.0,false,3,1086,2000
86,SYN-0086,0.1452,0,promising,0.3,"[""100nM_PgP""; ""1uM_PgP""]",800.0,false,1,1086,2000
86,SYN-0086,0.1452,0,promising,0.4,"[""100nM_PgP""; ""1uM_PgP""; ""100nM_BCRP""]",1200.0,false,5,1086,2000
86,SYN-0086,0.1452,0,promising,0.6,"[""100nM_PgP""; ""1uM_PgP""; ""100nM_BCRP""]",1200.0,false,3,1086,2000
86,SYN-0086,0.1452,0,promising,0.7,"[""100nM_PgP""; ""1uM_PgP""; ""100nM_BCRP""]",1200.0,false,2,1086,2000
86,SYN-0086,0.1452,0,promising,0.8,"[""100nM_PgP""; ""1uM_PgP""; ""100nM_BCRP""]",1200.0,false,1,1086,2000
86,SYN-0086,0.1452,0,promising,0.9,"[""100nM_PgP""; ""1uM_PgP""; ""100nM_BCRP""]",1200.0,false,2,1086,2000
87,SYN-0087,0.3674,0,non_promising,0.0,"[""1uM_PgP""; ""100nM_BCRP""]",800.0,false,3,1087,2000
87,SYN-0087,0.3674,0,non_promising,0.1,"[""100nM_PgP""; ""1uM_PgP""]",800.0,false,5,1087,2000
87,SYN-0087,0.3674,0,non_promising,0.2,"[""100nM_PgP""; ""1uM_PgP""; ""100nM_BCRP""]",1200.0,false,4,1087,2000
87,SYN-0087,0.3674,0,non_promising,0.3,"[""100nM_PgP""; ""100nM_BCRP""]",800.0,false,3,1087,2000
87,SYN-0087,0.3674,0,non_promising,0.4,"[""100nM_PgP""; ""100nM_BCRP""]",800.0,false,2,1087,2000
87,SYN-0087,0.3674,0,non_promising,0.5,"[""100nM_PgP""; ""100nM_BCRP""]",800.0,false,3,1087,2000
87,SYN-0087,0.3674,0,non_promising,0.6,"[""100nM_PgP""; ""100nM_BCRP""]",800.0,false,1,1087,2000
87,SYN-0087,0.3674,0,non_promising,0.7,"[""100nM_PgP""; ""100nM_BCRP""]",800.0,false,1,1087,2000
87,SYN-0087,0.3674,0,non_promising,0.8,"[""100nM_PgP""; ""1uM_PgP""]",800.0,false,1,1087,2000
87,SYN-0087,0.3674,0,non_promising,1.0,"[""100nM_PgP""; ""100nM_BCRP""]",800.0,false,1,1087,2000
88,SYN-0088,0.4268,0,borderline,0.0,"[""100nM_PgP""; ""kpuu""]",4400.0,true,6,1088,2000
88,SYN-0088,0.4268,0,borderline,0.1,"[""kpuu""]",4000.0,true,3,1088,2000
88,SYN-0088,0.4268,0,borderline,0.2,"[""1uM_PgP""; ""100nM_BCRP""]",800.0,false,2,1088,2000
88,SYN-0088,0.4268,0,borderline,0.3,"[""100nM_PgP""; ""1uM_PgP""; ""100nM_BCRP""]",1200.0,false,4,1088,2000
88,SYN-0088,0.4268,0,borderline,0.4,"[""100nM_PgP""; ""1uM_PgP""; ""100nM_BCRP""]",1200.0,false,3,1088,2000
88,SYN-0088,0.4268,0,borderline,0.5,"[""100nM_PgP""; ""1uM_PgP""; ""100nM_BCRP""]",1200.0,false,3,1088,2000
88,SYN-0088,0.4268,0,borderline,0.6,"[""100nM_PgP""; ""1uM_PgP""; ""100nM_BCRP""]",1200.0,false,2,1088,2000
88,SYN-0088,0.4268,0,borderline,0.8,"[""100nM_PgP""; ""100nM_BCRP""]",800.0,false,2,1088,2000
88,SYN-0088,0.4268,0,borderline,0.9,"[""100nM_PgP""; ""1uM_PgP""; ""100nM_BCRP""]",1200.0,false,1,1088,2000
89,SYN-0089,1.0,1,promising,0.0,"[""kpuu""]",4000.0,true,9,1089,2000
89,SYN-0089,1.0,1,promising,0.1,"[""kpuu""]",4000.0,true,4,1089,2000
89,SYN-0089,1.0,1,promising,0.2,"[""100nM_PgP""; ""100nM_BCRP""]",800.0,false,3,1089,2000
89,SYN-0089,1.0,1,promising,0.3,"[""100nM_PgP""; ""1uM_PgP""; ""100nM_BCRP""]",1200.0,false,5,1089,2000
89,SYN-0089,1.0,1,promising,0.4,"[""100nM_PgP""; ""1uM_PgP""; ""100nM_BCRP""]",1200.0,false,2,1089,2000
89,SYN-0089,1.0,1,promising,0.5,"[""100nM_PgP""; ""1uM_PgP""]",800.0,false,2,1089,2000
89,SYN-0089,1.0,1,promising,0.6,"[""100nM_PgP""; ""1uM_PgP""; ""100nM_BCRP""]",1200.0,false,2,1089,2000
89,SYN-0089,1.0,1,promising,0.7,"[""100nM_PgP""; ""1uM_PgP""]",800.0,false,1,1089,2000
89,SYN-0089,1.0,1,promising,0.8,"[""100nM_PgP""; ""1uM_PgP""; ""100nM_BCRP""]",1200.0,false,1,1089,2000
89,SYN-0089,1.0,1,promising,0.9,"[""100nM_PgP""; ""1uM_PgP""; ""100nM_BCRP""]",1200.0,false,1,1089,2000
89,SYN-0089,1.0,1,promising,1.0,"[""100nM_PgP""; ""1uM_PgP""; ""100nM_BCRP""]",1200.0,false,2,1089,2000
90,SYN-0090,0.5719,1,non_promising,0.0,"[""100nM_PgP""; ""kpuu""; ""100nM_BCRP""]",4800.0,true,4,1090,2000
91,SYN-0091,1.0,1,borderline,0.0,"[""kpuu""]",4000.0,true,10,1091,2000
91,SYN-0091,1.0,1,borderline,0.1,"[""100nM_PgP""; ""1uM_PgP""; ""100nM_BCRP""]",1200.0,false,3,1091,2000
91,SYN-0091,1.0,1,borderline,0.2,"[""100nM_PgP""; ""1uM_PgP""; ""100nM_BCRP""]",1200.0,false,3,1091,2000
91,SYN-0091,1.0,1,borderline,0.3,"[""100nM_PgP""; ""1uM_PgP""; ""100nM_BCRP""]",1200.0,false,3,1091,2000
91,SYN-0091,1.0,1,borderline,0.4,"[""100nM_PgP""; ""1uM_PgP""; ""100nM_BCRP""]",1200.0,false,3,1091,2000
91,SYN-0091,1.0,1,borderline,0.5,"[""100nM_PgP""; ""1uM_PgP""; ""100nM_BCRP""]",1200.0,false,1,1091,2000
91,SYN-0091,1.0,1,borderline,0.6,"[""100nM_PgP""; ""1uM_PgP""; ""100nM_BCRP""]",1200.0,false,2,1091,2000
91,SYN-0091,1.0,1,borderline,0.7,"[""1uM_PgP""; ""100nM_BCRP""]",800.0,false,3,1091,2000
91,SYN-0091,1.0,1,borderline,0.8,"[""100nM_PgP""; ""1uM_PgP""]",800.0,false,1,1091,2000
91,SYN-0091,1.0,1,borderline,0.9,"[""1uM_PgP""; ""100nM_BCRP""]",800.0,false,1,1091,2000
91,SYN-0091,1.0,1,borderline,1.0,"[""1uM_PgP""; ""100nM_BCRP""]",800.0,false,2,1091,2000
92,SYN-0092,0.036,0,non_promising,0.0,"[""kpuu""]",4000.0,true,2,1092,2000
92,SYN-0092,0.036,0,non_promising,0.1,"[""100nM_PgP""; ""1uM_PgP""]",800.0,false,4,1092,2000
92,SYN-0092,0.036,0,non_promising,0.2,"[""100nM_PgP""; ""1uM_PgP""]",800.0,false,2,1092,2000
92,SYN-0092,0.036,0,non_promising,0.3,"[""100nM_PgP""; ""1uM_PgP""]",800.0,false,2,1092,2000
92,SYN-0092,0.036,0,non_promising,0.4,"[""100nM_PgP""; ""1uM_PgP""]",800.0,false,2,1092,2000
92,SYN-0092,0.036,0,non_promising,0.5,"[""100nM_PgP""; ""1uM_PgP""]",800.0,false,3,1092,2000
92,SYN-0092,0.036,0,non_promising,0.6,"[""100nM_PgP""; ""1uM_PgP""]",800.0,false,3,1092,2000
92,SYN-0092,0.036,0,non_promising,0.7,"[""100nM_PgP""; ""1uM_PgP""]",800.0,false,3,1092,2000
92,SYN-0092,0.036,0,non_promising,1.0,"[""100nM_PgP""; ""1uM_PgP""]",800.0,false,2,1092,2000
93,SYN-0093,1.0,1,borderline,0.0,"[""100nM_PgP""; ""1uM_PgP""]",800.0,false,6,1093,2000
93,SYN-0093,1.0,1,borderline,0.1,"[""kpuu""]",4000.0,true,3,1093,2000
93,SYN-0093,1.0,1,borderline,0.2,"[""kpuu""]",4000.0,true,4,1093,2000
93,SYN-0093,1.0,1,borderline,0.3,"[""100nM_PgP""; ""1uM_PgP""; ""100nM_BCRP""]",1200.0,false,5,1093,2000
93,SYN-0093,1.0,1,borderline,0.4,"[""1uM_PgP""; ""100nM_BCRP""]",800.0,false,6,1093,2000
93,SYN-0093,1.0,1,borderline,0.5,"[""1uM_PgP""; ""100nM_BCRP""]",800.0,false,2,1093,2000
93,SYN-0093,1.0,1,borderline,0.6,"[""100nM_PgP""; ""1uM_PgP""]",800.0,false,2,1093,2000
93,SYN-0093,1.0,1,borderline,0.7,"[""1uM_PgP""; ""100nM_BCRP""]",800.0,false,2,1093,2000
93,SYN-0093,1.0,1,borderline,0.8,"[""100nM_PgP""; ""1uM_PgP""]",800.0,false,3,1093,2000
93,SYN-0093,1.0,1,borderline,0.9,"[""100nM_PgP""; ""1uM_PgP""]",800.0,false,2,1093,2000
93,SYN-0093,1.0,1,borderline,1.0,"[""1uM_PgP""; ""100nM_BCRP""]",800.0,false,2,1093,2000
94,SYN-0094,0.0777,0,non_promising,0.0,"[""100nM_PgP""; ""kpuu""; ""1uM_PgP""]",4800.0,true,3,1094,2000
94,SYN-0094,0.0777,0,non_promising,0.1,"[""1uM_PgP""; ""100nM_BCRP""]",800.0,false,6,1094,2000
94,SYN-0094,0.0777,0,non_promising,0.2,"[""100nM_PgP""; ""100nM_BCRP""]",800.0,false,4,1094,2000
94,SYN-0094,0.0777,0,non_promising,0.3,"[""100nM_PgP""; ""100nM_BCRP""]",800.0,false,1,1094,2000
94,SYN-0094,0.0777,0,non_promising,0.4,"[""1uM_PgP""]",400.0,false,2,1094,2000
94,SYN-0094,0.0777,0,non_promising,0.5,"[""1uM_PgP""]",400.0,false,6,1094,2000
94,SYN-0094,0.0777,0,non_promising,0.6,"[""1uM_PgP""]",400.0,false,2,1094,2000
94,SYN-0094,0.0777,0,non_promising,0.7,"[""1uM_PgP""]",400.0,false,1,1094,2000
94,SYN-0094,0.0777,0,non_promising,0.8,"[""1uM_PgP""]",400.0,false,2,1094,2000
94,SYN-0094,0.0777,0,non_promising,0.9,"[""1uM_PgP""]",400.0,false,1,1094,2000
95,SYN-0095,0.6839,1,promising,0.0,"[""kpuu""]",4000.0,true,8,1095,2000
95,SYN-0095,0.6839,1,promising,0.1,"[""100nM_PgP""; ""1uM_PgP""; ""100nM_BCRP""]",1200.0,false,6,1095,2000
95,SYN-0095,0.6839,1,promising,0.2,"[""100nM_PgP""; ""1uM_PgP""; ""100nM_BCRP""]",1200.0,false,4,1095,2000
95,SYN-0095,0.6839,1,promising,0.3,"[""100nM_PgP""; ""100nM_BCRP""]",800.0,false,4,1095,2000
95,SYN-0095,0.6839,1,promising,0.4,"[""100nM_PgP""; ""100nM_BCRP""]",800.0,false,5,1095,2000
95,SYN-0095,0.6839,1,promising,0.5,"[""1uM_PgP""; ""100nM_BCRP""]",800.0,false,3,1095,2000
95,SYN-0095,0.6839,1,promising,0.6,"[""1uM_PgP""; ""100nM_BCRP""]",800.0,false,2,1095,2000
95,SYN-0095,0.6839,1,promising,0.7,"[""100nM_PgP""; ""100nM_BCRP""]",800.0,false,1,1095,2000
95,SYN-0095,0.6839,1,promising,0.8,"[""100nM_PgP""; ""100nM_BCRP""]",800.0,false,1,1095,2000
96,SYN-0096,0.6699,1,non_promising,0.0,"[""100nM_BCRP""]",400.0,false,4,1096,2000
96,SYN-0096,0.6699,1,non_promising,0.1,"[""100nM_PgP""; ""1uM_PgP""]",800.0,false,2,1096,2000
96,SYN-0096,0.6699,1,non_promising,0.2,"[""100nM_PgP""; ""1uM_PgP""]",800.0,false,4,1096,2000
96,SYN-0096,0.6699,1,non_promising,0.3,"[""100nM_PgP""]",400.0,false,2,1096,2000
96,SYN-0096,0.6699,1,non_promising,0.5,"[""100nM_PgP""; ""1uM_PgP""]",800.0,false,2,1096,2000
96,SYN-0096,0.6699,1,non_promising,0.6,"[""100nM_BCRP""]",400.0,false,1,1096,2000
96,SYN-0096,0.6699,1,non_promising,0.7,"[""1uM_PgP""]",400.0,false,1,1096,2000
96,SYN-0096,0.6699,1,non_promising,0.8,"[""100nM_PgP""; ""1uM_PgP""]",800.0,false,1,1096,2000
97,SYN-0097,1.0,1,non_promising,0.0,"[""kpuu""]",4000.0,true,6,1097,2000
97,SYN-0097,1.0,1,non_promising,0.1,"[""100nM_PgP""]",400.0,false,5,1097,2000
97,SYN-0097,1.0,1,non_promising,0.2,"[""100nM_PgP""]",400.0,false,1,1097,2000
98,SYN-0098,0.2663,0,borderline,0.0,"[""kpuu""; ""100nM_BCRP""]",4400.0,true,5,1098,2000
98,SYN-0098,0.2663,0,borderline,0.1,"[""kpuu""]",4000.0,true,4,1098,2000
98,SYN-0098,0.2663,0,borderline,0.2,"[""100nM_PgP""; ""100nM_BCRP""]",800.0,false,2,1098,2000
98,SYN-0098,0.2663,0,borderline,0.3,"[""100nM_PgP""; ""100nM_BCRP""]",800.0,false,2,1098,2000
98,SYN-0098,0.2663,0,borderline,0.4,"[""100nM_BCRP""]",400.0,false,2,1098,2000
98,SYN-0098,0.2663,0,borderline,0.5,"[""100nM_BCRP""]",400.0,false,1,1098,2000
98,SYN-0098,0.2663,0,borderline,0.6,"[""100nM_PgP""; ""100nM_BCRP""]",800.0,false,1,1098,2000
98,SYN-0098,0.2663,0,borderline,0.7,"[""1uM_PgP""; ""100nM_BCRP""]",800.0,false,2,1098,2000
99,SYN-0099,0.5817,1,non_promising,0.0,"[""kpuu""; ""1uM_PgP""]",4400.0,true,6,1099,2000
99,SYN-0099,0.5817,1,non_promising,0.1,"[""100nM_PgP""]",400.0,false,9,1099,2000
99,SYN-0099,0.5817,1,non_promising,0.2,"[""1uM_PgP""]",400.0,false,3,1099,2000
99,SYN-0099,0.5817,1,non_promising,0.2800806388900002,,0.0,false,10,1099,2000
100,SYN-0100,0.2244,0,promising,0.0,"[""kpuu""]",4000.0,true,9,1100,2000
100,SYN-0100,0.2244,0,promising,0.1,"[""kpuu""]",4000.0,true,5,1100,2000
100,SYN-0100,0.2244,0,promising,0.2,"[""100nM_PgP""; ""1uM_PgP""; ""100nM_BCRP""]",1200.0,false,4,1100,2000
100,SYN-0100,0.2244,0,promising,0.3,"[""100nM_PgP""]",400.0,false,3,1100,2000
100,SYN-0100,0.2244,0,promising,0.4,"[""100nM_PgP""; ""100nM_BCRP""]",800.0,false,3,1100,2000
100,SYN-0100,0.2244,0,promising,0.5,"[""100nM_PgP""; ""1uM_PgP""]",800.0,false,3,1100,2000
100,SYN-0100,0.2244,0,promising,0.6,"[""100nM_PgP""; ""1uM_PgP""]",800.0,false,1,1100,2000
100,SYN-0100,0.2244,0,promising,0.7,"[""100nM_PgP""; ""1uM_PgP""]",800.0,false,6,1100,2000
100,SYN-0100,0.2244,0,promising,0.8,"[""100nM_PgP""; ""100nM_BCRP""]",800.0,false,3,1100,2000
100,SYN-0100,0.2244,0,promising,0.9,"[""100nM_PgP""; ""100nM_BCRP""]",800.0,false,1,1100,2000
101,SYN-0101,0.121,0,non_promising,0.0,"[""100nM_PgP""; ""100nM_BCRP""]",800.0,false,10,1101,2000
101,SYN-0101,0.121,0,non_promising,3.5886859295919332e-171,,0.0,false,10,1101,2000
102,SYN-0102,0.5771,1,non_promising,0.0,"[""100nM_BCRP""]",400.0,false,2,1102,2000
102,SYN-0102,0.5771,1,non_promising,0.1,"[""1uM_PgP""]",400.0,false,3,1102,2000
102,SYN-0102,0.5771,1,non_promising,0.2,"[""100nM_PgP""]",400.0,false,2,1102,2000
102,SYN-0102,0.5771,1,non_promising,0.3,"[""100nM_PgP""]",400.0,false,1,1102,2000
102,SYN-0102,0.5771,1,non_promising,0.4,"[""100nM_PgP""]",400.0,false,1,1102,2000
102,SYN-0102,0.5771,1,non_promising,0.5,"[""1uM_PgP""]",400.0,false,2,1102,2000
102,SYN-0102,0.5771,1,non_promising,0.6,"[""100nM_BCRP""]",400.0,false,1,1102,2000
102,SYN-0102,0.5771,1,non_promising,0.7,"[""100nM_PgP""; ""100nM_BCRP""]",800.0,false,1,1102,2000
102,SYN-0102,0.5771,1,non_promising,0.8,"[""100nM_PgP""; ""100nM_BCRP""]",800.0,false,1,1102,2000
102,SYN-0102,0.5771,1,non_promising,0.9,"[""1uM_PgP""]",400.0,false,1,1102,2000
102,SYN-0102,0.5771,1,non_promising,1.0,"[""100nM_PgP""]",400.0,false,1,1102,2000
103,SYN-0103,0.4464,0,non_promising,0.0,"[""kpuu""; ""1uM_PgP""; ""100nM_BCRP""]",4800.0,true,3,1103,2000
103,SYN-0103,0.4464,0,non_promising,0.1,"[""100nM_PgP""]",400.0,false,5,1103,2000
103,SYN-0103,0.4464,0,non_promising,0.2,"[""100nM_PgP""; ""100nM_BCRP""]",800.0,false,4,1103,2000
103,SYN-0103,0.4464,0,non_promising,0.3,"[""100nM_PgP""; ""100nM_BCRP""]",800.0,false,2,1103,2000
103,SYN-0103,0.4464,0,non_promising,0.4,"[""100nM_PgP""; ""100nM_BCRP""]",800.0,false,1,1103,2000
103,SYN-0103,0.4464,0,non_promising,0.5,"[""100nM_PgP""; ""100nM_BCRP""]",800.0,false,1,1103,2000
103,SYN-0103,0.4464,0,non_promising,0.7,"[""100nM_PgP""; ""1uM_PgP""; ""100nM_BCRP""]",1200.0,false,1,1103,2000
103,SYN-0103,0.4464,0,non_promising,0.9,"[""100nM_PgP""; ""100nM_BCRP""]",800.0,false,2,1103,2000
104,SYN-0104,1.0,1,borderline,0.0,"[""kpuu""]",4000.0,true,8,1104,2000
104,SYN-0104,1.0,1,borderline,0.1,"[""100nM_BCRP""]",400.0,false,2,1104,2000
104,SYN-0104,1.0,1,borderline,0.2,"[""kpuu""]",4000.0,true,2,1104,2000
104,SYN-0104,1.0,1,borderline,0.3,"[""100nM_BCRP""]",400.0,false,2,1104,2000
104,SYN-0104,1.0,1,borderline,0.4,"[""100nM_PgP""; ""1uM_PgP""]",800.0,false,8,1104,2000
104,SYN-0104,1.0,1,borderline,0.5,"[""1uM_PgP""; ""100nM_BCRP""]",800.0,false,7,1104,2000
104,SYN-0104,1.0,1,borderline,0.6,"[""1uM_PgP""; ""100nM_BCRP""]",800.0,false,5,1104,2000
104,SYN-0104,1.0,1,borderline,0.7,"[""1uM_PgP""; ""100nM_BCRP""]",800.0,false,2,1104,2000
104,SYN-0104,1.0,1,borderline,0.8,"[""1uM_PgP""; ""100nM_BCRP""]",800.0,false,1,1104,2000
104,SYN-0104,1.0,1,borderline,1.0,"[""1uM_PgP""; ""100nM_BCRP""]",800.0,false,1,1104,2000
105,SYN-0105,0.2289,0,non_promising,0.0,"[""kpuu""; ""1uM_PgP""]",4400.0,true,3,1105,2000
105,SYN-0105,0.2289,0,non_promising,0.1,"[""100nM_PgP""; ""1uM_PgP""]",800.0,false,5,1105,2000
105,SYN-0105,0.2289,0,non_promising,0.2,"[""100nM_PgP""; ""100nM_BCRP""]",800.0,false,3,1105,2000
105,SYN-0105,0.2289,0,non_promising,0.3,"[""100nM_PgP""; ""100nM_BCRP""]",800.0,false,2,1105,2000
105,SYN-0105,0.2289,0,non_promising,0.4,"[""100nM_PgP""; ""1uM_PgP""; ""100nM_BCRP""]",1200.0,false,1,1105,2000
105,SYN-0105,0.2289,0,non_promising,0.5,"[""100nM_PgP""; ""100nM_BCRP""]",800.0,false,1,1105,2000
105,SYN-0105,0.2289,0,non_promising,0.6,"[""100nM_PgP""; ""1uM_PgP""]",800.0,false,2,1105,2000
105,SYN-0105,0.2289,0,non_promising,0.8,"[""100nM_PgP""; ""100nM_BCRP""]",800.0,false,2,1105,2000
106,SYN-0106,1.0,1,promising,0.0,"[""kpuu""; ""1uM_PgP""]",4400.0,true,7,1106,2000
106,SYN-0106,1.0,1,promising,0.1,"[""1uM_PgP""]",400.0,false,3,1106,2000
106,SYN-0106,1.0,1,promising,0.2,"[""100nM_PgP""; ""1uM_PgP""; ""100nM_BCRP""]",1200.0,false,2,1106,2000
106,SYN-0106,1.0,1,promising,0.3,"[""100nM_PgP""; ""1uM_PgP""; ""100nM_BCRP""]",1200.0,false,3,1106,2000
106,SYN-0106,1.0,1,promising,0.4,"[""100nM_PgP""; ""1uM_PgP""]",800.0,false,4,1106,2000
106,SYN-0106,1.0,1,promising,0.5,"[""100nM_PgP""; ""1uM_PgP""]",800.0,false,3,1106,2000
106,SYN-0106,1.0,1,promising,0.6,"[""100nM_PgP""; ""1uM_PgP""]",800.0,false,4,1106,2000
106,SYN-0106,1.0,1,promising,0.7,"[""100nM_PgP""; ""1uM_PgP""]",800.0,false,1,1106,2000
106,SYN-0106,1.0,1,promising,0.8,"[""100nM_PgP""; ""1uM_PgP""]",800.0,false,2,1106,2000
106,SYN-0106,1.0,1,promising,0.9,"[""100nM_PgP""; ""1uM_PgP""]",800.0,false,2,1106,2000
107,SYN-0107,0.1669,0,non_promising,0.0,"[""kpuu""]",4000.0,true,6,1107,2000
107,SYN-0107,0.1669,0,non_promising,0.1,"[""100nM_PgP""]",400.0,false,6,1107,2000
107,SYN-0107,0.1669,0,non_promising,0.2,"[""100nM_PgP""]",400.0,false,1,1107,2000
107,SYN-0107,0.1669,0,non_promising,0.3,"[""100nM_PgP""]",400.0,false,2,1107,2000
108,SYN-0108,0.1683,0,borderline,0.0,"[""100nM_PgP""; ""1uM_PgP""; ""100nM_BCRP""]",1200.0,false,3,1108,2000
108,SYN-0108,0.1683,0,borderline,0.1,"[""100nM_BCRP""]",400.0,false,3,1108,2000
108,SYN-0108,0.1683,0,borderline,0.2,"[""100nM_PgP""; ""100nM_BCRP""]",800.0,false,3,1108,2000
108,SYN-0108,0.1683,0,borderline,0.3,"[""100nM_PgP""; ""100nM_BCRP""]",800.0,false,1,1108,2000
108,SYN-0108,0.1683,0,borderline,0.4,"[""100nM_PgP""; ""100nM_BCRP""]",800.0,false,2,1108,2000
108,SYN-0108,0.1683,0,borderline,0.5,"[""100nM_PgP""; ""100nM_BCRP""]",800.0,false,2,1108,2000
108,SYN-0108,0.1683,0,borderline,0.6,"[""1uM_PgP""; ""100nM_BCRP""]",800.0,false,1,1108,2000
108,SYN-0108,0.1683,0,borderline,0.7,"[""100nM_PgP""; ""100nM_BCRP""]",800.0,false,1,1108,2000
108,SYN-0108,0.1683,0,borderline,0.8,"[""100nM_PgP""; ""100nM_BCRP""]",800.0,false,1,1108,2000
108,SYN-0108,0.1683,0,borderline,1.0,"[""100nM_PgP""; ""100nM_BCRP""]",800.0,false,1,1108,2000
109,SYN-0109,1.0,1,promising,0.0,"[""kpuu""]",4000.0,true,10,1109,2000
109,SYN-0109,1.0,1,promising,0.1,"[""kpuu""]",4000.0,true,5,1109,2000
109,SYN-0109,1.0,1,promising,0.2,"[""1uM_PgP""; ""100nM_BCRP""]",800.0,false,1,1109,2000
109,SYN-0109,1.0,1,promising,0.3,"[""1uM_PgP""; ""100nM_BCRP""]",800.0,false,3,1109,2000
109,SYN-0109,1.0,1,promising,0.4,"[""100nM_PgP""; ""100nM_BCRP""]",800.0,false,1,1109,2000
109,SYN-0109,1.0,1,promising,0.5,"[""100nM_PgP""; ""1uM_PgP""; ""100nM_BCRP""]",1200.0,false,2,1109,2000
109,SYN-0109,1.0,1,promising,0.6,"[""100nM_PgP""; ""1uM_PgP""; ""100nM_BCRP""]",1200.0,false,3,1109,2000
109,SYN-0109,1.0,1,promising,0.7,"[""100nM_PgP""; ""1uM_PgP""; ""100nM_BCRP""]",1200.0,false,2,1109,2000
109,SYN-0109,1.0,1,promising,0.8,"[""100nM_PgP""; ""1uM_PgP""; ""100nM_BCRP""]",1200.0,false,1,1109,2000
109,SYN-0109,1.0,1,promising,0.9,"[""1uM_PgP""; ""100nM_BCRP""]",800.0,false,1,1109,2000
109,SYN-0109,1.0,1,promising,1.0,"[""100nM_PgP""; ""1uM_PgP""; ""100nM_BCRP""]",1200.0,false,1,1109,2000
110,SYN-0110,0.077,0,non_promising,0.0,"[""kpuu""]",4000.0,true,9,1110,2000
110,SYN-0110,0.077,0,non_promising,0.1,"[""100nM_PgP""]",400.0,false,6,1110,2000
110,SYN-0110,0.077,0,non_promising,0.2,"[""100nM_BCRP""]",400.0,false,1,1110,2000
111,SYN-0111,0.1199,0,borderline,0.0,"[""kpuu""; ""100nM_BCRP""]",4400.0,true,9,1111,2000
111,SYN-0111,0.1199,0,borderline,0.1,"[""100nM_PgP""; ""100nM_BCRP""]",800.0,false,4,1111,2000
111,SYN-0111,0.1199,0,borderline,0.2,"[""100nM_BCRP""]",400.0,false,1,1111,2000
111,SYN-0111,0.1199,0,borderline,0.3,"[""100nM_PgP""; ""100nM_BCRP""]",800.0,false,3,1111,2000
111,SYN-0111,0.1199,0,borderline,0.4,"[""1uM_PgP""; ""100nM_BCRP""]",800.0,false,1,1111,2000
111,SYN-0111,0.1199,0,borderline,0.5,"[""100nM_BCRP""]",400.0,false,1,1111,2000
111,SYN-0111,0.1199,0,borderline,0.6,"[""100nM_BCRP""]",400.0,false,1,1111,2000
111,SYN-0111,0.1199,0,borderline,0.7,"[""1uM_PgP""; ""100nM_BCRP""]",800.0,false,1,1111,2000
111,SYN-0111,0.1199,0,borderline,0.8,"[""100nM_BCRP""]",400.0,false,2,1111,2000
111,SYN-0111,0.1199,0,borderline,0.9,"[""100nM_PgP""; ""100nM_BCRP""]",800.0,false,1,1111,2000
111,SYN-0111,0.1199,0,borderline,1.0,"[""100nM_BCRP""]",400.0,false,1,1111,2000
112,SYN-0112,0.1156,0,borderline,0.0,"[""kpuu""]",4000.0,true,10,1112,2000
112,SYN-0112,0.1156,0,borderline,0.1,"[""kpuu""]",4000.0,true,3,1112,2000
112,SYN-0112,0.1156,0,borderline,0.2,"[""100nM_PgP""; ""100nM_BCRP""]",800.0,false,2,1112,2000
112,SYN-0112,0.1156,0,borderline,0.3,"[""100nM_PgP""; ""100nM_BCRP""]",800.0,false,1,1112,2000
112,SYN-0112,0.1156,0,borderline,0.4,"[""100nM_PgP""; ""1uM_PgP""]",800.0,false,6,1112,2000
112,SYN-0112,0.1156,0,borderline,0.5,"[""100nM_PgP""; ""1uM_PgP""]",800.0,false,1,1112,2000
112,SYN-0112,0.1156,0,borderline,0.6,"[""100nM_PgP""; ""1uM_PgP""]",800.0,false,3,1112,2000
112,SYN-0112,0.1156,0,borderline,0.7,"[""100nM_PgP""; ""1uM_PgP""]",800.0,false,2,1112,2000
112,SYN-0112,0.1156,0,borderline,0.8,"[""100nM_PgP""; ""1uM_PgP""]",800.0,false,1,1112,2000
112,SYN-0112,0.1156,0,borderline,0.9,"[""100nM_PgP""; ""1uM_PgP""]",800.0,false,1,1112,2000
112,SYN-0112,0.1156,0,borderline,1.0,"[""100nM_PgP""; ""1uM_PgP""]",800.0,false,1,1112,2000
113,SYN-0113,0.138,0,promising,0.0,"[""kpuu""]",4000.0,true,8,1113,2000
113,SYN-0113,0.138,0,promising,0.1,"[""kpuu""]",4000.0,true,3,1113,2000
113,SYN-0113,0.138,0,promising,0.2,"[""100nM_PgP""; ""1uM_PgP""; ""100nM_BCRP""]",1200.0,false,2,1113,2000
113,SYN-0113,0.138,0,promising,0.3,"[""100nM_PgP""; ""1uM_PgP""; ""100nM_BCRP""]",1200.0,false,2,1113,2000
113,SYN-0113,0.138,0,promising,0.4,"[""100nM_PgP""; ""1uM_PgP""]",800.0,false,2,1113,2000
113,SYN-0113,0.138,0,promising,0.5,"[""100nM_PgP""; ""1uM_PgP""; ""100nM_BCRP""]",1200.0,false,1,1113,2000
113,SYN-0113,0.138,0,promising,0.6,"[""100nM_PgP""; ""1uM_PgP""; ""100nM_BCRP""]",1200.0,false,1,1113,2000
113,SYN-0113,0.138,0,promising,0.7,"[""100nM_PgP""; ""1uM_PgP""; ""100nM_BCRP""]",1200.0,false,4,1113,2000
113,SYN-0113,0.138,0,promising,0.8,"[""100nM_PgP""; ""1uM_PgP""; ""100nM_BCRP""]",1200.0,false,3,1113,2000
113,SYN-0113,0.138,0,promising,0.9,"[""100nM_PgP""; ""1uM_PgP""; ""100nM_BCRP""]",1200.0,false,2,1113,2000
113,SYN-0113,0.138,0,promising,1.0,"[""100nM_PgP""; ""1uM_PgP""; ""100nM_BCRP""]",1200.0,false,2,1113,2000
114,SYN-0114,0.1905,0,non_promising,0.0,"[""kpuu""]",4000.0,true,10,1114,2000
114,SYN-0114,0.1905,0,non_promising,0.0015449899181320763,,0.0,false,10,1114,2000
115,SYN-0115,0.6425,1,non_promising,0.0,"[""kpuu""; ""1uM_PgP""; ""100nM_BCRP""]",4800.0,true,5,1115,2000
115,SYN-0115,0.6425,1,non_promising,0.1,"[""100nM_BCRP""]",400.0,false,6,1115,2000
115,SYN-0115,0.6425,1,non_promising,0.2,"[""100nM_BCRP""]",400.0,false,5,1115,2000
115,SYN-0115,0.6425,1,non_promising,0.3,"[""100nM_BCRP""]",400.0,false,2,1115,2000
115,SYN-0115,0.6425,1,non_promising,0.5,"[""100nM_BCRP""]",400.0,false,3,1115,2000
115,SYN-0115,0.6425,1,non_promising,0.6,"[""100nM_BCRP""]",400.0,false,3,1115,2000
115,SYN-0115,0.6425,1,non_promising,0.7,"[""100nM_BCRP""]",400.0,false,1,1115,2000
115,SYN-0115,0.6425,1,non_promising,0.8,"[""100nM_BCRP""]",400.0,false,1,1115,2000
115,SYN-0115,0.6425,1,non_promising,0.9,"[""100nM_BCRP""]",400.0,false,3,1115,2000
115,SYN-0115,0.6425,1,non_promising,1.0,"[""100nM_BCRP""]",400.0,false,1,1115,2000
116,SYN-0116,0.3848,0,borderline,0.0,"[""kpuu""]",4000.0,true,8,1116,2000
116,SYN-0116,0.3848,0,borderline,0.1,"[""kpuu""]",4000.0,true,6,1116,2000
116,SYN-0116,0.3848,0,borderline,0.2,"[""kpuu""]",4000.0,true,3,1116,2000
116,SYN-0116,0.3848,0,borderline,0.3,"[""100nM_PgP""; ""1uM_PgP""; ""100nM_BCRP""]",1200.0,false,2,1116,2000
116,SYN-0116,0.3848,0,borderline,0.4,"[""100nM_PgP""; ""1uM_PgP""; ""100nM_BCRP""]",1200.0,false,3,1116,2000
116,SYN-0116,0.3848,0,borderline,0.5,"[""100nM_PgP""; ""1uM_PgP""; ""100nM_BCRP""]",1200.0,false,5,1116,2000
116,SYN-0116,0.3848,0,borderline,0.6,"[""100nM_PgP""; ""1uM_PgP""; ""100nM_BCRP""]",1200.0,false,6,1116,2000
116,SYN-0116,0.3848,0,borderline,0.7,"[""100nM_PgP""; ""1uM_PgP""; ""100nM_BCRP""]",1200.0,false,4,1116,2000
116,SYN-0116,0.3848,0,borderline,0.8,"[""100nM_PgP""; ""1uM_PgP""]",800.0,false,1,1116,2000
116,SYN-0116,0.3848,0,borderline,1.0,"[""100nM_PgP""; ""1uM_PgP""; ""100nM_BCRP""]",1200.0,false,2,1116,2000
117,SYN-0117,0.0171,0,non_promising,0.0,"[""kpuu""]",4000.0,true,4,1117,2000
117,SYN-0117,0.0171,0,non_promising,0.1,"[""100nM_PgP""]",400.0,false,5,1117,2000
117,SYN-0117,0.0171,0,non_promising,0.2,"[""100nM_PgP""]",400.0,false,4,1117,2000
117,SYN-0117,0.0171,0,non_promising,0.3,"[""1uM_PgP""]",400.0,false,5,1117,2000
117,SYN-0117,0.0171,0,non_promising,0.4,"[""100nM_PgP""]",400.0,false,2,1117,2000
117,SYN-0117,0.0171,0,non_promising,0.5,"[""100nM_PgP""]",400.0,false,2,1117,2000
117,SYN-0117,0.0171,0,non_promising,0.8,"[""1uM_PgP""]",400.0,false,1,1117,2000
117,SYN-0117,0.0171,0,non_promising,0.9,"[""1uM_PgP""]",400.0,false,1,1117,2000
117,SYN-0117,0.0171,0,non_promising,1.0,"[""1uM_PgP""]",400.0,false,1,1117,2000
118,SYN-0118,0.2687,0,borderline,0.0,"[""100nM_PgP""; ""100nM_BCRP""]",800.0,false,5,1118,2000
118,SYN-0118,0.2687,0,borderline,0.1,"[""1uM_PgP""; ""100nM_BCRP""]",800.0,false,4,1118,2000
118,SYN-0118,0.2687,0,borderline,0.2,"[""1uM_PgP""; ""100nM_BCRP""]",800.0,false,3,1118,2000
118,SYN-0118,0.2687,0,borderline,0.3,"[""100nM_PgP""; ""100nM_BCRP""]",800.0,false,2,1118,2000
118,SYN-0118,0.2687,0,borderline,0.4,"[""100nM_PgP""; ""1uM_PgP""; ""100nM_BCRP""]",1200.0,false,4,1118,2000
118,SYN-0118,0.2687,0,borderline,0.5,"[""100nM_PgP""; ""1uM_PgP""; ""100nM_BCRP""]",1200.0,false,5,1118,2000
118,SYN-0118,0.2687,0,borderline,0.6,"[""100nM_PgP""; ""100nM_BCRP""]",800.0,false,1,1118,2000
118,SYN-0118,0.2687,0,borderline,0.7,"[""100nM_PgP""; ""1uM_PgP""; ""100nM_BCRP""]",1200.0,false,2,1118,2000
118,SYN-0118,0.2687,0,borderline,0.8,"[""100nM_PgP""; ""1uM_PgP""; ""100nM_BCRP""]",1200.0,false,3,1118,2000
118,SYN-0118,0.2687,0,borderline,0.9,"[""100nM_PgP""; ""1uM_PgP""; ""100nM_BCRP""]",1200.0,false,1,1118,2000
118,SYN-0118,0.2687,0,borderline,1.0,"[""100nM_PgP""; ""1uM_PgP""; ""100nM_BCRP""]",1200.0,false,1,1118,2000
119,SYN-0119,1.0,1,non_promising,0.0,"[""kpuu""]",4000.0,true,9,1119,2000
119,SYN-0119,1.0,1,non_promising,0.1,"[""100nM_PgP""; ""100nM_BCRP""]",800.0,false,3,1119,2000
119,SYN-0119,1.0,1,non_promising,0.2,"[""100nM_PgP""; ""1uM_PgP""; ""100nM_BCRP""]",1200.0,false,4,1119,2000
119,SYN-0119,1.0,1,non_promising,0.3,"[""100nM_PgP""; ""100nM_BCRP""]",800.0,false,4,1119,2000
119,SYN-0119,1.0,1,non_promising,0.4,"[""100nM_PgP""; ""100nM_BCRP""]",800.0,false,3,1119,2000
119,SYN-0119,1.0,1,non_promising,0.5,"[""100nM_PgP""; ""100nM_BCRP""]",800.0,false,3,1119,2000
119,SYN-0119,1.0,1,non_promising,0.6,"[""100nM_PgP""; ""100nM_BCRP""]",800.0,false,2,1119,2000
119,SYN-0119,1.0,1,non_promising,0.7,"[""100nM_PgP""; ""100nM_BCRP""]",800.0,false,1,1119,2000
119,SYN-0119,1.0,1,non_promising,0.8,"[""100nM_PgP""; ""100nM_BCRP""]",800.0,false,1,1119,2000
120,SYN-0120,0.4896,0,non_promising,0.0,"[""kpuu""; ""1uM_PgP""]",4400.0,true,4,1120,2000
121,SYN-0121,1.0,1,borderline,0.0,"[""100nM_PgP""; ""kpuu""; ""100nM_BCRP""]",4800.0,true,7,1121,2000
121,SYN-0121,1.0,1,borderline,0.1,"[""100nM_PgP""; ""1uM_PgP""; ""100nM_BCRP""]",1200.0,false,4,1121,2000
121,SYN-0121,1.0,1,borderline,0.2,"[""100nM_PgP""; ""100nM_BCRP""]",800.0,false,3,1121,2000
121,SYN-0121,1.0,1,borderline,0.3,"[""100nM_BCRP""]",400.0,false,4,1121,2000
121,SYN-0121,1.0,1,borderline,0.4,"[""100nM_BCRP""]",400.0,false,2,1121,2000
121,SYN-0121,1.0,1,borderline,0.5,"[""100nM_PgP""; ""100nM_BCRP""]",800.0,false,2,1121,2000
121,SYN-0121,1.0,1,borderline,0.6,"[""100nM_BCRP""]",400.0,false,3,1121,2000
121,SYN-0121,1.0,1,borderline,0.7,"[""100nM_BCRP""]",400.0,false,1,1121,2000
121,SYN-0121,1.0,1,borderline,0.8,"[""100nM_BCRP""]",400.0,false,4,1121,2000
121,SYN-0121,1.0,1,borderline,0.9,"[""100nM_BCRP""]",400.0,false,3,1121,2000
121,SYN-0121,1.0,1,borderline,1.0,"[""100nM_BCRP""]",400.0,false,1,1121,2000
122,SYN-0122,0.354,0,non_promising,0.0,"[""kpuu""; ""1uM_PgP""]",4400.0,true,4,1122,2000
122,SYN-0122,0.354,0,non_promising,0.1,"[""1uM_PgP""]",400.0,false,4,1122,2000
122,SYN-0122,0.354,0,non_promising,0.2,"[""100nM_PgP""]",400.0,false,4,1122,2000
122,SYN-0122,0.354,0,non_promising,0.3,"[""100nM_PgP""]",400.0,false,2,1122,2000
122,SYN-0122,0.354,0,non_promising,0.4,"[""100nM_PgP""]",400.0,false,2,1122,2000
122,SYN-0122,0.354,0,non_promising,0.5,"[""100nM_PgP""]",400.0,false,2,1122,2000
122,SYN-0122,0.354,0,non_promising,0.6,"[""1uM_PgP""]",400.0,false,1,1122,2000
122,SYN-0122,0.354,0,non_promising,0.7,"[""100nM_PgP""]",400.0,false,1,1122,2000
122,SYN-0122,0.354,0,non_promising,0.8,"[""1uM_PgP""]",400.0,false,1,1122,2000
122,SYN-0122,0.354,0,non_promising,0.9,"[""1uM_PgP""]",400.0,false,3,1122,2000
122,SYN-0122,0.354,0,non_promising,1.0,"[""100nM_PgP""]",400.0,false,1,1122,2000
123,SYN-0123,0.1408,0,borderline,0.0,"[""100nM_PgP""; ""100nM_BCRP""]",800.0,false,4,1123,2000
123,SYN-0123,0.1408,0,borderline,0.1,"[""100nM_PgP""; ""100nM_BCRP""]",800.0,false,4,1123,2000
123,SYN-0123,0.1408,0,borderline,0.2,"[""100nM_PgP""; ""1uM_PgP""; ""100nM_BCRP""]",1200.0,false,2,1123,2000
123,SYN-0123,0.1408,0,borderline,0.3,"[""100nM_PgP""; ""100nM_BCRP""]",800.0,false,2,1123,2000
123,SYN-0123,0.1408,0,borderline,0.5,"[""1uM_PgP""; ""100nM_BCRP""]",800.0,false,2,1123,2000
123,SYN-0123,0.1408,0,borderline,0.6,"[""100nM_PgP""; ""100nM_BCRP""]",800.0,false,2,1123,2000
123,SYN-0123,0.1408,0,borderline,0.9,"[""100nM_PgP""; ""100nM_BCRP""]",800.0,false,1,1123,2000
124,SYN-0124,0.1604,0,non_promising,0.0,"[""100nM_PgP""; ""100nM_BCRP""]",800.0,false,2,1124,2000
124,SYN-0124,0.1604,0,non_promising,0.1,"[""100nM_PgP""; ""1uM_PgP""; ""100nM_BCRP""]",1200.0,false,3,1124,2000
124,SYN-0124,0.1604,0,non_promising,0.2,"[""100nM_PgP""; ""1uM_PgP""]",800.0,false,2,1124,2000
124,SYN-0124,0.1604,0,non_promising,0.3,"[""1uM_PgP""; ""100nM_BCRP""]",800.0,false,3,1124,2000
124,SYN-0124,0.1604,0,non_promising,0.4,"[""100nM_PgP""; ""1uM_PgP""]",800.0,false,2,1124,2000
124,SYN-0124,0.1604,0,non_promising,0.5,"[""100nM_PgP""; ""1uM_PgP""]",800.0,false,1,1124,2000
124,SYN-0124,0.1604,0,non_promising,0.6,"[""100nM_PgP""; ""100nM_BCRP""]",800.0,false,1,1124,2000
124,SYN-0124,0.1604,0,non_promising,0.7,"[""100nM_PgP""; ""1uM_PgP""]",800.0,false,3,1124,2000
124,SYN-0124,0.1604,0,non_promising,0.8,"[""1uM_PgP""; ""100nM_BCRP""]",800.0,false,2,1124,2000
124,SYN-0124,0.1604,0,non_promising,0.9,"[""100nM_PgP""; ""1uM_PgP""]",800.0,false,1,1124,2000
124,SYN-0124,0.1604,0,non_promising,1.0,"[""100nM_PgP""; ""1uM_PgP""]",800.0,false,2,1124,2000
125,SYN-0125,0.2242,0,borderline,0.0,"[""kpuu""]",4000.0,true,10,1125,2000
125,SYN-0125,0.2242,0,borderline,0.1,"[""kpuu""]",4000.0,true,4,1125,2000
125,SYN-0125,0.2242,0,borderline,0.2,"[""kpuu""]",4000.0,true,2,1125,2000
125,SYN-0125,0.2242,0,borderline,0.3,"[""100nM_PgP""; ""1uM_PgP""; ""100nM_BCRP""]",1200.0,false,4,1125,2000
125,SYN-0125,0.2242,0,borderline,0.4,"[""100nM_PgP""; ""1uM_PgP""; ""100nM_BCRP""]",1200.0,false,3,1125,2000
125,SYN-0125,0.2242,0,borderline,0.5,"[""100nM_PgP""; ""1uM_PgP""; ""100nM_BCRP""]",1200.0,false,4,1125,2000
125,SYN-0125,0.2242,0,borderline,0.6,"[""1uM_PgP""; ""100nM_BCRP""]",800.0,false,4,1125,2000
125,SYN-0125,0.2242,0,borderline,0.7,"[""1uM_PgP""; ""100nM_BCRP""]",800.0,false,4,1125,2000
125,SYN-0125,0.2242,0,borderline,0.8,"[""1uM_PgP""; ""100nM_BCRP""]",800.0,false,2,1125,2000
125,SYN-0125,0.2242,0,borderline,0.9,"[""100nM_PgP""; ""1uM_PgP""; ""100nM_BCRP""]",1200.0,false,1,1125,2000
125,SYN-0125,0.2242,0,borderline,1.0,"[""1uM_PgP""; ""100nM_BCRP""]",800.0,false,1,1125,2000
126,SYN-0126,0.2333,0,non_promising,0.0,"[""kpuu""; ""1uM_PgP""; ""100nM_BCRP""]",4800.0,true,2,1126,2000
127,SYN-0127,0.1987,0,non_promising,0.0,"[""kpuu""]",4000.0,true,3,1127,2000
127,SYN-0127,0.1987,0,non_promising,0.1,"[""100nM_PgP""; ""1uM_PgP""]",800.0,false,4,1127,2000
127,SYN-0127,0.1987,0,non_promising,0.2,"[""1uM_PgP""]",400.0,false,2,1127,2000
127,SYN-0127,0.1987,0,non_promising,0.3,"[""1uM_PgP""; ""100nM_BCRP""]",800.0,false,1,1127,2000
127,SYN-0127,0.1987,0,non_promising,0.4,"[""100nM_PgP""; ""1uM_PgP""]",800.0,false,1,1127,2000
127,SYN-0127,0.1987,0,non_promising,0.5,"[""1uM_PgP""]",400.0,false,2,1127,2000
127,SYN-0127,0.1987,0,non_promising,0.6,"[""100nM_PgP""; ""1uM_PgP""]",800.0,false,1,1127,2000
127,SYN-0127,0.1987,0,non_promising,0.7,"[""1uM_PgP""]",400.0,false,1,1127,2000
127,SYN-0127,0.1987,0,non_promising,0.8,"[""1uM_PgP""]",400.0,false,1,1127,2000
127,SYN-0127,0.1987,0,non_promising,0.9,"[""1uM_PgP""]",400.0,false,1,1127,2000
128,SYN-0128,0.4959,0,borderline,0.0,"[""kpuu""]",4000.0,true,4,1128,2000
128,SYN-0128,0.4959,0,borderline,0.1,"[""kpuu""]",4000.0,true,8,1128,2000
128,SYN-0128,0.4959,0,borderline,0.2,"[""kpuu""]",4000.0,true,4,1128,2000
128,SYN-0128,0.4959,0,borderline,0.3,"[""kpuu""]",4000.0,true,2,1128,2000
128,SYN-0128,0.4959,0,borderline,0.4,"[""1uM_PgP""; ""100nM_BCRP""]",800.0,false,6,1128,2000
128,SYN-0128,0.4959,0,borderline,0.5,"[""1uM_PgP""; ""100nM_BCRP""]",800.0,false,3,1128,2000
128,SYN-0128,0.4959,0,borderline,0.6,"[""1uM_PgP""; ""100nM_BCRP""]",800.0,false,2,1128,2000
128,SYN-0128,0.4959,0,borderline,0.7,"[""1uM_PgP""; ""100nM_BCRP""]",800.0,false,4,1128,2000
128,SYN-0128,0.4959,0,borderline,0.8,"[""100nM_PgP""; ""1uM_PgP""; ""100nM_BCRP""]",1200.0,false,1,1128,2000
128,SYN-0128,0.4959,0,borderline,0.9,"[""100nM_PgP""; ""1uM_PgP""]",800.0,false,1,1128,2000
128,SYN-0128,0.4959,0,borderline,1.0,"[""1uM_PgP""; ""100nM_BCRP""]",800.0,false,1,1128,2000
129,SYN-0129,0.5408,1,non_promising,0.0,"[""100nM_PgP""; ""kpuu""]",4400.0,true,5,1129,2000
129,SYN-0129,0.5408,1,non_promising,0.1,"[""kpuu""]",4000.0,true,3,1129,2000
129,SYN-0129,0.5408,1,non_promising,0.2,"[""100nM_PgP""; ""1uM_PgP""]",800.0,false,2,1129,2000
129,SYN-0129,0.5408,1,non_promising,0.3,"[""100nM_PgP""; ""1uM_PgP""]",800.0,false,2,1129,2000
129,SYN-0129,0.5408,1,non_promising,0.5,"[""100nM_PgP""; ""1uM_PgP""]",800.0,false,3,1129,2000
129,SYN-0129,0.5408,1,non_promising,0.6,"[""100nM_PgP""; ""1uM_PgP""; ""100nM_BCRP""]",1200.0,false,1,1129,2000
129,SYN-0129,0.5408,1,non_promising,0.7,"[""100nM_PgP""; ""1uM_PgP""]",800.0,false,2,1129,2000
129,SYN-0129,0.5408,1,non_promising,0.8,"[""100nM_PgP""; ""1uM_PgP""]",800.0,false,1,1129,2000
129,SYN-0129,0.5408,1,non_promising,0.9,"[""100nM_PgP""; ""1uM_PgP""]",800.0,false,1,1129,2000
129,SYN-0129,0.5408,1,non_promising,1.0,"[""100nM_PgP""; ""1uM_PgP""]",800.0,false,1,1129,2000
130,SYN-0130,0.1555,0,promising,0.0,"[""kpuu""; ""100nM_BCRP""]",4400.0,true,7,1130,2000
130,SYN-0130,0.1555,0,promising,0.1,"[""kpuu""]",4000.0,true,7,1130,2000
130,SYN-0130,0.1555,0,promising,0.2,"[""100nM_PgP""; ""100nM_BCRP""]",800.0,false,4,1130,2000
130,SYN-0130,0.1555,0,promising,0.3,"[""100nM_PgP""]",400.0,false,2,1130,2000
130,SYN-0130,0.1555,0,promising,0.4,"[""100nM_PgP""]",400.0,false,2,1130,2000
130,SYN-0130,0.1555,0,promising,0.5,"[""100nM_PgP""]",400.0,false,4,1130,2000
130,SYN-0130,0.1555,0,promising,0.6,"[""100nM_PgP""]",400.0,false,3,1130,2000
130,SYN-0130,0.1555,0,promising,0.7,"[""100nM_PgP""]",400.0,false,2,1130,2000
130,SYN-0130,0.1555,0,promising,0.8,"[""100nM_PgP""]",400.0,false,2,1130,2000
130,SYN-0130,0.1555,0,promising,0.9,"[""100nM_PgP""]",400.0,false,1,1130,2000
130,SYN-0130,0.1555,0,promising,1.0,"[""100nM_PgP""]",400.0,false,1,1130,2000
131,SYN-0131,0.4781,0,non_promising,0.0,"[""kpuu""; ""1uM_PgP""]",4400.0,true,9,1131,2000
131,SYN-0131,0.4781,0,non_promising,0.1,"[""100nM_PgP""; ""1uM_PgP""; ""100nM_BCRP""]",1200.0,false,3,1131,2000
131,SYN-0131,0.4781,0,non_promising,0.2,"[""100nM_PgP""; ""1uM_PgP""]",800.0,false,4,1131,2000
131,SYN-0131,0.4781,0,non_promising,0.3,"[""100nM_PgP""; ""1uM_PgP""]",800.0,false,3,1131,2000
131,SYN-0131,0.4781,0,non_promising,0.4,"[""100nM_PgP""; ""100nM_BCRP""]",800.0,false,2,1131,2000
131,SYN-0131,0.4781,0,non_promising,0.5,"[""100nM_PgP""; ""100nM_BCRP""]",800.0,false,2,1131,2000
131,SYN-0131,0.4781,0,non_promising,0.7,"[""100nM_PgP""; ""100nM_BCRP""]",800.0,false,1,1131,2000
131,SYN-0131,0.4781,0,non_promising,0.8,"[""100nM_PgP""; ""1uM_PgP""]",800.0,false,2,1131,2000
131,SYN-0131,0.4781,0,non_promising,1.0,"[""100nM_PgP""; ""100nM_BCRP""]",800.0,false,2,1131,2000
132,SYN-0132,0.0187,0,non_promising,0.0,"[""kpuu""]",4000.0,true,7,1132,2000
132,SYN-0132,0.0187,0,non_promising,0.1,"[""100nM_PgP""; ""1uM_PgP""; ""100nM_BCRP""]",1200.0,false,4,1132,2000
132,SYN-0132,0.0187,0,non_promising,0.2,"[""1uM_PgP""; ""100nM_BCRP""]",800.0,false,6,1132,2000
132,SYN-0132,0.0187,0,non_promising,0.3,"[""1uM_PgP""; ""100nM_BCRP""]",800.0,false,4,1132,2000
132,SYN-0132,0.0187,0,non_promising,0.4,"[""1uM_PgP""; ""100nM_BCRP""]",800.0,false,2,1132,2000
132,SYN-0132,0.0187,0,non_promising,0.5,"[""1uM_PgP""; ""100nM_BCRP""]",800.0,false,4,1132,2000
132,SYN-0132,0.0187,0,non_promising,0.6,"[""100nM_PgP""; ""1uM_PgP""]",800.0,false,7,1132,2000
132,SYN-0132,0.0187,0,non_promising,0.7,"[""100nM_PgP""; ""1uM_PgP""]",800.0,false,6,1132,2000
132,SYN-0132,0.0187,0,non_promising,0.8,"[""100nM_PgP""; ""1uM_PgP""]",800.0,false,3,1132,2000
133,SYN-0133,1.0,1,borderline,0.0,"[""kpuu""; ""100nM_BCRP""]",4400.0,true,6,1133,2000
133,SYN-0133,1.0,1,borderline,0.1,"[""kpuu""]",4000.0,true,3,1133,2000
133,SYN-0133,1.0,1,borderline,0.2,"[""100nM_PgP""; ""100nM_BCRP""]",800.0,false,3,1133,2000
133,SYN-0133,1.0,1,borderline,0.3,"[""100nM_PgP""; ""1uM_PgP""; ""100nM_BCRP""]",1200.0,false,4,1133,2000
133,SYN-0133,1.0,1,borderline,0.4,"[""100nM_PgP""; ""100nM_BCRP""]",800.0,false,4,1133,2000
133,SYN-0133,1.0,1,borderline,0.5,"[""100nM_PgP""; ""100nM_BCRP""]",800.0,false,5,1133,2000
133,SYN-0133,1.0,1,borderline,0.6,"[""100nM_PgP""; ""100nM_BCRP""]",800.0,false,3,1133,2000
133,SYN-0133,1.0,1,borderline,0.7,"[""100nM_PgP""; ""100nM_BCRP""]",800.0,false,2,1133,2000
133,SYN-0133,1.0,1,borderline,0.8,"[""100nM_PgP""; ""100nM_BCRP""]",800.0,false,1,1133,2000
133,SYN-0133,1.0,1,borderline,0.9,"[""100nM_PgP""; ""100nM_BCRP""]",800.0,false,1,1133,2000
133,SYN-0133,1.0,1,borderline,1.0,"[""100nM_PgP""; ""100nM_BCRP""]",800.0,false,3,1133,2000
134,SYN-0134,1.0,1,borderline,0.0,"[""kpuu""]",4000.0,true,5,1134,2000
134,SYN-0134,1.0,1,borderline,0.1,"[""kpuu""]",4000.0,true,5,1134,2000
134,SYN-0134,1.0,1,borderline,0.2,"[""kpuu""]",4000.0,true,2,1134,2000
134,SYN-0134,1.0,1,borderline,0.3,"[""100nM_PgP""; ""100nM_BCRP""]",800.0,false,2,1134,2000
134,SYN-0134,1.0,1,borderline,0.4,"[""100nM_BCRP""]",400.0,false,3,1134,2000
134,SYN-0134,1.0,1,borderline,0.5,"[""100nM_BCRP""]",400.0,false,1,1134,2000
134,SYN-0134,1.0,1,borderline,0.6,"[""100nM_BCRP""]",400.0,false,1,1134,2000
134,SYN-0134,1.0,1,borderline,0.7,"[""100nM_BCRP""]",400.0,false,2,1134,2000
134,SYN-0134,1.0,1,borderline,0.8,"[""100nM_BCRP""]",400.0,false,1,1134,2000
134,SYN-0134,1.0,1,borderline,0.9,"[""100nM_PgP""; ""100nM_BCRP""]",800.0,false,1,1134,2000
135,SYN-0135,0.2429,0,borderline,0.0,"[""kpuu""; ""100nM_BCRP""]",4400.0,true,5,1135,2000
135,SYN-0135,0.2429,0,borderline,0.1,"[""100nM_PgP""; ""1uM_PgP""]",800.0,false,4,1135,2000
135,SYN-0135,0.2429,0,borderline,0.2,"[""100nM_PgP""; ""100nM_BCRP""]",800.0,false,3,1135,2000
135,SYN-0135,0.2429,0,borderline,0.3,"[""1uM_PgP""; ""100nM_BCRP""]",800.0,false,7,1135,2000
135,SYN-0135,0.2429,0,borderline,0.4,"[""1uM_PgP""; ""100nM_BCRP""]",800.0,false,4,1135,2000
135,SYN-0135,0.2429,0,borderline,0.5,"[""1uM_PgP""; ""100nM_BCRP""]",800.0,false,5,1135,2000
135,SYN-0135,0.2429,0,borderline,0.6,"[""100nM_PgP""; ""100nM_BCRP""]",800.0,false,3,1135,2000
135,SYN-0135,0.2429,0,borderline,0.7,"[""100nM_PgP""; ""100nM_BCRP""]",800.0,false,4,1135,2000
135,SYN-0135,0.2429,0,borderline,0.8,"[""100nM_PgP""; ""1uM_PgP""]",800.0,false,3,1135,2000
135,SYN-0135,0.2429,0,borderline,0.9,"[""100nM_PgP""; ""100nM_BCRP""]",800.0,false,1,1135,2000
135,SYN-0135,0.2429,0,borderline,1.0,"[""100nM_PgP""; ""1uM_PgP""]",800.0,false,2,1135,2000
136,SYN-0136,0.7228,1,non_promising,0.0,"[""kpuu""; ""1uM_PgP""; ""100nM_BCRP""]",4800.0,true,3,1136,2000
136,SYN-0136,0.7228,1,non_promising,0.1,"[""1uM_PgP""; ""100nM_BCRP""]",800.0,false,5,1136,2000
136,SYN-0136,0.7228,1,non_promising,0.2,"[""100nM_PgP""; ""100nM_BCRP""]",800.0,false,4,1136,2000
136,SYN-0136,0.7228,1,non_promising,0.3,"[""1uM_PgP""; ""100nM_BCRP""]",800.0,false,3,1136,2000
136,SYN-0136,0.7228,1,non_promising,0.4,"[""100nM_PgP""; ""100nM_BCRP""]",800.0,false,2,1136,2000
136,SYN-0136,0.7228,1,non_promising,0.5,"[""100nM_PgP""; ""1uM_PgP""]",800.0,false,2,1136,2000
136,SYN-0136,0.7228,1,non_promising,0.6,"[""100nM_PgP""; ""100nM_BCRP""]",800.0,false,1,1136,2000
136,SYN-0136,0.7228,1,non_promising,0.7,"[""1uM_PgP""; ""100nM_BCRP""]",800.0,false,1,1136,2000
136,SYN-0136,0.7228,1,non_promising,0.8,"[""100nM_PgP""; ""1uM_PgP""]",800.0,false,1,1136,2000
136,SYN-0136,0.7228,1,non_promising,1.0,"[""100nM_PgP""; ""100nM_BCRP""]",800.0,false,2,1136,2000
137,SYN-0137,1.0,1,non_promising,0.0,"[""100nM_PgP""; ""kpuu""; ""100nM_BCRP""]",4800.0,true,2,1137,2000
138,SYN-0138,1.0,1,non_promising,0.0,"[""100nM_PgP""; ""1uM_PgP""]",800.0,false,3,1138,2000
139,SYN-0139,0.087,0,non_promising,0.0,"[""kpuu""]",4000.0,true,2,1139,2000
139,SYN-0139,0.087,0,non_promising,0.1,"[""100nM_PgP""; ""1uM_PgP""; ""100nM_BCRP""]",1200.0,false,3,1139,2000
139,SYN-0139,0.087,0,non_promising,0.2,"[""100nM_PgP""; ""100nM_BCRP""]",800.0,false,3,1139,2000
139,SYN-0139,0.087,0,non_promising,0.3,"[""1uM_PgP""]",400.0,false,2,1139,2000
139,SYN-0139,0.087,0,non_promising,0.4,"[""100nM_PgP""; ""1uM_PgP""; ""100nM_BCRP""]",1200.0,false,2,1139,2000
139,SYN-0139,0.087,0,non_promising,0.5,"[""1uM_PgP""]",400.0,false,1,1139,2000
139,SYN-0139,0.087,0,non_promising,0.6,"[""100nM_BCRP""]",400.0,false,1,1139,2000
139,SYN-0139,0.087,0,non_promising,0.7,"[""100nM_PgP""]",400.0,false,1,1139,2000
139,SYN-0139,0.087,0,non_promising,0.8,"[""100nM_PgP""]",400.0,false,1,1139,2000
139,SYN-0139,0.087,0,non_promising,0.9,"[""100nM_PgP""; ""100nM_BCRP""]",800.0,false,1,1139,2000
140,SYN-0140,0.6618,1,non_promising,0.0,"[""100nM_PgP""; ""100nM_BCRP""]",800.0,false,5,1140,2000
140,SYN-0140,0.6618,1,non_promising,0.1,"[""kpuu""]",4000.0,true,3,1140,2000
140,SYN-0140,0.6618,1,non_promising,0.2,"[""100nM_PgP""; ""1uM_PgP""; ""100nM_BCRP""]",1200.0,false,4,1140,2000
140,SYN-0140,0.6618,1,non_promising,0.3,"[""100nM_PgP""; ""100nM_BCRP""]",800.0,false,3,1140,2000
140,SYN-0140,0.6618,1,non_promising,0.4,"[""100nM_PgP""; ""1uM_PgP""; ""100nM_BCRP""]",1200.0,false,4,1140,2000
140,SYN-0140,0.6618,1,non_promising,0.5,"[""100nM_PgP""; ""1uM_PgP""]",800.0,false,4,1140,2000
140,SYN-0140,0.6618,1,non_promising,0.6,"[""100nM_PgP""; ""1uM_PgP""]",800.0,false,3,1140,2000
140,SYN-0140,0.6618,1,non_promising,0.7,"[""100nM_PgP""; ""1uM_PgP""]",800.0,false,2,1140,2000
140,SYN-0140,0.6618,1,non_promising,0.8,"[""100nM_PgP""; ""1uM_PgP""]",800.0,false,1,1140,2000
140,SYN-0140,0.6618,1,non_promising,0.9,"[""100nM_PgP""; ""1uM_PgP""; ""100nM_BCRP""]",1200.0,false,3,1140,2000
140,SYN-0140,0.6618,1,non_promising,1.0,"[""100nM_PgP""; ""1uM_PgP""]",800.0,false,3,1140,2000
141,SYN-0141,0.3098,0,promising,0.0,"[""kpuu""]",4000.0,true,8,1141,2000
141,SYN-0141,0.3098,0,promising,0.1,"[""kpuu""]",4000.0,true,2,1141,2000
141,SYN-0141,0.3098,0,promising,0.2,"[""100nM_PgP""; ""1uM_PgP""]",800.0,false,2,1141,2000
141,SYN-0141,0.3098,0,promising,0.3,"[""100nM_BCRP""]",400.0,false,2,1141,2000
141,SYN-0141,0.3098,0,promising,0.4,"[""1uM_PgP""]",400.0,false,4,1141,2000
141,SYN-0141,0.3098,0,promising,0.5,"[""100nM_PgP""; ""1uM_PgP""; ""100nM_BCRP""]",1200.0,false,5,1141,2000
141,SYN-0141,0.3098,0,promising,0.6,"[""1uM_PgP""; ""100nM_BCRP""]",800.0,false,4,1141,2000
141,SYN-0141,0.3098,0,promising,0.7,"[""100nM_PgP""; ""1uM_PgP""; ""100nM_BCRP""]",1200.0,false,1,1141,2000
141,SYN-0141,0.3098,0,promising,0.8,"[""1uM_PgP""; ""100nM_BCRP""]",800.0,false,1,1141,2000
141,SYN-0141,0.3098,0,promising,0.9,"[""1uM_PgP""; ""100nM_BCRP""]",800.0,false,2,1141,2000
141,SYN-0141,0.3098,0,promising,1.0,"[""1uM_PgP""; ""100nM_BCRP""]",800.0,false,3,1141,2000
142,SYN-0142,0.1968,0,non_promising,0.0,"[""kpuu""; ""1uM_PgP""]",4400.0,true,5,1142,2000
142,SYN-0142,0.1968,0,non_promising,0.1,"[""100nM_PgP""]",400.0,false,4,1142,2000
142,SYN-0142,0.1968,0,non_promising,0.2,"[""100nM_PgP""; ""1uM_PgP""]",800.0,false,3,1142,2000
142,SYN-0142,0.1968,0,non_promising,0.3,"[""100nM_PgP""; ""1uM_PgP""; ""100nM_BCRP""]",1200.0,false,3,1142,2000
142,SYN-0142,0.1968,0,non_promising,0.4,"[""100nM_PgP""; ""100nM_BCRP""]",800.0,false,1,1142,2000
142,SYN-0142,0.1968,0,non_promising,0.5,"[""100nM_PgP""; ""1uM_PgP""; ""100nM_BCRP""]",1200.0,false,2,1142,2000
142,SYN-0142,0.1968,0,non_promising,0.6,"[""100nM_PgP""; ""1uM_PgP""; ""100nM_BCRP""]",1200.0,false,4,1142,2000
142,SYN-0142,0.1968,0,non_promising,0.7,"[""100nM_PgP""; ""1uM_PgP""; ""100nM_BCRP""]",1200.0,false,2,1142,2000
142,SYN-0142,0.1968,0,non_promising,0.8,"[""100nM_PgP""; ""1uM_PgP""; ""100nM_BCRP""]",1200.0,false,1,1142,2000
142,SYN-0142,0.1968,0,non_promising,1.0,"[""100nM_PgP""; ""1uM_PgP""; ""100nM_BCRP""]",1200.0,false,2,1142,2000
143,SYN-0143,0.5868,1,borderline,0.0,"[""kpuu""]",4000.0,true,5,1143,2000
143,SYN-0143,0.5868,1,borderline,0.1,"[""kpuu""]",4000.0,true,4,1143,2000
143,SYN-0143,0.5868,1,borderline,0.2,"[""kpuu""]",4000.0,true,4,1143,2000
143,SYN-0143,0.5868,1,borderline,0.3,"[""kpuu""]",4000.0,true,3,1143,2000
143,SYN-0143,0.5868,1,borderline,0.4,"[""100nM_PgP""; ""1uM_PgP""]",800.0,false,3,1143,2000
143,SYN-0143,0.5868,1,borderline,0.5,"[""1uM_PgP""; ""100nM_BCRP""]",800.0,false,3,1143,2000
143,SYN-0143,0.5868,1,borderline,0.6,"[""1uM_PgP""; ""100nM_BCRP""]",800.0,false,2,1143,2000
143,SYN-0143,0.5868,1,borderline,0.7,"[""100nM_PgP""; ""1uM_PgP""; ""100nM_BCRP""]",1200.0,false,1,1143,2000
143,SYN-0143,0.5868,1,borderline,0.8,"[""1uM_PgP""; ""100nM_BCRP""]",800.0,false,1,1143,2000
143,SYN-0143,0.5868,1,borderline,0.9,"[""100nM_PgP""; ""1uM_PgP""]",800.0,false,1,1143,2000
143,SYN-0143,0.5868,1,borderline,1.0,"[""1uM_PgP""; ""100nM_BCRP""]",800.0,false,2,1143,2000
144,SYN-0144,0.6083,1,non_promising,0.0,"[""kpuu""; ""1uM_PgP""]",4400.0,true,3,1144,2000
144,SYN-0144,0.6083,1,non_promising,0.1,"[""100nM_PgP""; ""1uM_PgP""]",800.0,false,4,1144,2000
144,SYN-0144,0.6083,1,non_promising,0.2,"[""100nM_PgP""; ""1uM_PgP""; ""100nM_BCRP""]",1200.0,false,2,1144,2000
144,SYN-0144,0.6083,1,non_promising,0.3,"[""100nM_PgP""; ""1uM_PgP""]",800.0,false,3,1144,2000
144,SYN-0144,0.6083,1,non_promising,0.4,"[""100nM_PgP""; ""1uM_PgP""]",800.0,false,3,1144,2000
144,SYN-0144,0.6083,1,non_promising,0.5,"[""100nM_PgP""; ""1uM_PgP""]",800.0,false,2,1144,2000
144,SYN-0144,0.6083,1,non_promising,0.6,"[""100nM_PgP""; ""1uM_PgP""]",800.0,false,1,1144,2000
144,SYN-0144,0.6083,1,non_promising,0.7,"[""100nM_PgP""; ""1uM_PgP""]",800.0,false,1,1144,2000
144,SYN-0144,0.6083,1,non_promising,0.8,"[""1uM_PgP""; ""100nM_BCRP""]",800.0,false,1,1144,2000
144,SYN-0144,0.6083,1,non_promising,0.9,"[""100nM_PgP""; ""1uM_PgP""]",800.0,false,1,1144,2000
145,SYN-0145,0.1375,0,borderline,0.0,"[""100nM_PgP""; ""kpuu""; ""1uM_PgP""]",4800.0,true,7,1145,2000
145,SYN-0145,0.1375,0,borderline,0.1,"[""100nM_PgP""; ""100nM_BCRP""]",800.0,false,2,1145,2000
145,SYN-0145,0.1375,0,borderline,0.2,"[""100nM_PgP""; ""1uM_PgP""; ""100nM_BCRP""]",1200.0,false,5,1145,2000
145,SYN-0145,0.1375,0,borderline,0.3,"[""100nM_PgP""; ""1uM_PgP""; ""100nM_BCRP""]",1200.0,false,3,1145,2000
145,SYN-0145,0.1375,0,borderline,0.4,"[""100nM_PgP""; ""1uM_PgP""; ""100nM_BCRP""]",1200.0,false,1,1145,2000
145,SYN-0145,0.1375,0,borderline,0.5,"[""100nM_PgP""; ""1uM_PgP""; ""100nM_BCRP""]",1200.0,false,1,1145,2000
145,SYN-0145,0.1375,0,borderline,0.7,"[""100nM_PgP""; ""1uM_PgP""]",800.0,false,6,1145,2000
145,SYN-0145,0.1375,0,borderline,0.8,"[""100nM_PgP""; ""1uM_PgP""]",800.0,false,2,1145,2000
145,SYN-0145,0.1375,0,borderline,0.9,"[""100nM_PgP""; ""1uM_PgP""]",800.0,false,3,1145,2000
145,SYN-0145,0.1375,0,borderline,1.0,"[""100nM_PgP""; ""1uM_PgP""]",800.0,false,3,1145,2000
146,SYN-0146,0.8954,1,promising,0.0,"[""kpuu""]",4000.0,true,10,1146,2000
146,SYN-0146,0.8954,1,promising,0.1,"[""100nM_BCRP""]",400.0,false,4,1146,2000
146,SYN-0146,0.8954,1,promising,0.2,"[""100nM_PgP""; ""100nM_BCRP""]",800.0,false,3,1146,2000
146,SYN-0146,0.8954,1,promising,0.3,"[""100nM_PgP""; ""1uM_PgP""]",800.0,false,3,1146,2000
146,SYN-0146,0.8954,1,promising,0.4,"[""100nM_PgP""; ""1uM_PgP""; ""100nM_BCRP""]",1200.0,false,4,1146,2000
146,SYN-0146,0.8954,1,promising,0.5,"[""1uM_PgP""; ""100nM_BCRP""]",800.0,false,3,1146,2000
146,SYN-0146,0.8954,1,promising,0.6,"[""1uM_PgP""; ""100nM_BCRP""]",800.0,false,3,1146,2000
146,SYN-0146,0.8954,1,promising,0.7,"[""100nM_BCRP""]",400.0,false,1,1146,2000
146,SYN-0146,0.8954,1,promising,0.8,"[""1uM_PgP""; ""100nM_BCRP""]",800.0,false,2,1146,2000
146,SYN-0146,0.8954,1,promising,0.9,"[""1uM_PgP""; ""100nM_BCRP""]",800.0,false,2,1146,2000
146,SYN-0146,0.8954,1,promising,1.0,"[""1uM_PgP""; ""100nM_BCRP""]",800.0,false,1,1146,2000
147,SYN-0147,0.4261,0,non_promising,0.0,"[""kpuu""]",4000.0,true,10,1147,2000
147,SYN-0147,0.4261,0,non_promising,0.016528585949744243,,0.0,false,10,1147,2000
148,SYN-0148,0.322,0,promising,0.0,"[""kpuu""]",4000.0,true,8,1148,2000
148,SYN-0148,0.322,0,promising,0.1,"[""kpuu""]",4000.0,true,6,1148,2000
148,SYN-0148,0.322,0,promising,0.2,"[""kpuu""]",4000.0,true,3,1148,2000
148,SYN-0148,0.322,0,promising,0.3,"[""100nM_PgP""; ""1uM_PgP""; ""100nM_BCRP""]",1200.0,false,3,1148,2000
148,SYN-0148,0.322,0,promising,0.5,"[""100nM_PgP""; ""1uM_PgP""; ""100nM_BCRP""]",1200.0,false,2,1148,2000
148,SYN-0148,0.322,0,promising,0.6,"[""100nM_PgP""; ""1uM_PgP""; ""100nM_BCRP""]",1200.0,false,2,1148,2000
148,SYN-0148,0.322,0,promising,0.8,"[""100nM_PgP""; ""1uM_PgP""; ""100nM_BCRP""]",1200.0,false,3,1148,2000
148,SYN-0148,0.322,0,promising,0.9,"[""100nM_PgP""; ""1uM_PgP""]",800.0,false,1,1148,2000
149,SYN-0149,0.8569,1,borderline,0.0,"[""100nM_PgP""; ""kpuu""; ""100nM_BCRP""]",4800.0,true,7,1149,2000
149,SYN-0149,0.8569,1,borderline,0.1,"[""kpuu""]",4000.0,true,4,1149,2000
149,SYN-0149,0.8569,1,borderline,0.2,"[""100nM_PgP""; ""1uM_PgP""; ""100nM_BCRP""]",1200.0,false,5,1149,2000
149,SYN-0149,0.8569,1,borderline,0.3,"[""100nM_PgP""; ""100nM_BCRP""]",800.0,false,3,1149,2000
149,SYN-0149,0.8569,1,borderline,0.4,"[""100nM_PgP""; ""100nM_BCRP""]",800.0,false,3,1149,2000
149,SYN-0149,0.8569,1,borderline,0.5,"[""100nM_BCRP""]",400.0,false,4,1149,2000
149,SYN-0149,0.8569,1,borderline,0.6,"[""100nM_BCRP""]",400.0,false,2,1149,2000
149,SYN-0149,0.8569,1,borderline,0.7,"[""100nM_BCRP""]",400.0,false,3,1149,2000
149,SYN-0149,0.8569,1,borderline,0.8,"[""100nM_BCRP""]",400.0,false,1,1149,2000
149,SYN-0149,0.8569,1,borderline,0.9,"[""100nM_BCRP""]",400.0,false,1,1149,2000
149,SYN-0149,0.8569,1,borderline,1.0,"[""1uM_PgP""; ""100nM_BCRP""]",800.0,false,2,1149,2000
150,SYN-0150,0.8327,1,non_promising,0.0,"[""100nM_PgP""; ""kpuu""; ""1uM_PgP""]",4800.0,true,5,1150,2000
150,SYN-0150,0.8327,1,non_promising,0.1,"[""kpuu""]",4000.0,true,3,1150,2000
150,SYN-0150,0.8327,1,non_promising,0.2,"[""100nM_BCRP""]",400.0,false,7,1150,2000
150,SYN-0150,0.8327,1,non_promising,0.3,"[""100nM_BCRP""]",400.0,false,1,1150,2000
150,SYN-0150,0.8327,1,non_promising,0.4,"[""100nM_BCRP""]",400.0,false,1,1150,2000
150,SYN-0150,0.8327,1,non_promising,0.5,"[""100nM_PgP""; ""1uM_PgP""]",800.0,false,6,1150,2000
150,SYN-0150,0.8327,1,non_promising,0.6,"[""100nM_PgP""; ""1uM_PgP""]",800.0,false,4,1150,2000
150,SYN-0150,0.8327,1,non_promising,0.7,"[""100nM_PgP""; ""1uM_PgP""]",800.0,false,3,1150,2000
150,SYN-0150,0.8327,1,non_promising,0.8,"[""100nM_PgP""; ""1uM_PgP""]",800.0,false,5,1150,2000
150,SYN-0150,0.8327,1,non_promising,0.9,"[""100nM_PgP""; ""1uM_PgP""]",800.0,false,3,1150,2000
150,SYN-0150,0.8327,1,non_promising,1.0,"[""100nM_PgP""; ""1uM_PgP""]",800.0,false,3,1150,2000
151,SYN-0151,0.4254,0,borderline,0.0,"[""kpuu""]",4000.0,true,9,1151,2000
151,SYN-0151,0.4254,0,borderline,0.1,"[""kpuu""]",4000.0,true,5,1151,2000
151,SYN-0151,0.4254,0,borderline,0.2,"[""kpuu""]",4000.0,true,2,1151,2000
151,SYN-0151,0.4254,0,borderline,0.3,"[""100nM_PgP""; ""100nM_BCRP""]",800.0,false,2,1151,2000
151,SYN-0151,0.4254,0,borderline,0.4,"[""100nM_PgP""; ""1uM_PgP""]",800.0,false,2,1151,2000
151,SYN-0151,0.4254,0,borderline,0.5,"[""100nM_PgP""; ""100nM_BCRP""]",800.0,false,2,1151,2000
151,SYN-0151,0.4254,0,borderline,0.6,"[""100nM_PgP""; ""1uM_PgP""; ""100nM_BCRP""]",1200.0,false,2,1151,2000
151,SYN-0151,0.4254,0,borderline,0.7,"[""100nM_PgP""; ""1uM_PgP""; ""100nM_BCRP""]",1200.0,false,1,1151,2000
151,SYN-0151,0.4254,0,borderline,0.8,"[""100nM_PgP""; ""1uM_PgP""; ""100nM_BCRP""]",1200.0,false,3,1151,2000
151,SYN-0151,0.4254,0,borderline,0.9,"[""100nM_PgP""; ""1uM_PgP""; ""100nM_BCRP""]",1200.0,false,2,1151,2000
151,SYN-0151,0.4254,0,borderline,1.0,"[""100nM_PgP""; ""1uM_PgP""; ""100nM_BCRP""]",1200.0,false,3,1151,2000
152,SYN-0152,0.792,1,promising,0.0,"[""kpuu""]",4000.0,true,9,1152,2000
152,SYN-0152,0.792,1,promising,0.1,"[""kpuu""]",4000.0,true,4,1152,2000
152,SYN-0152,0.792,1,promising,0.2,"[""kpuu""]",4000.0,true,7,1152,2000
152,SYN-0152,0.792,1,promising,0.3,"[""kpuu""]",4000.0,true,2,1152,2000
152,SYN-0152,0.792,1,promising,0.4,"[""100nM_PgP""; ""1uM_PgP""]",800.0,false,2,1152,2000
152,SYN-0152,0.792,1,promising,0.5,"[""100nM_PgP""; ""1uM_PgP""; ""100nM_BCRP""]",1200.0,false,2,1152,2000
152,SYN-0152,0.792,1,promising,0.6,"[""100nM_PgP""; ""100nM_BCRP""]",800.0,false,1,1152,2000
152,SYN-0152,0.792,1,promising,0.7,"[""100nM_PgP""; ""1uM_PgP""]",800.0,false,1,1152,2000
152,SYN-0152,0.792,1,promising,0.9,"[""100nM_PgP""; ""1uM_PgP""; ""100nM_BCRP""]",1200.0,false,2,1152,2000
152,SYN-0152,0.792,1,promising,1.0,"[""100nM_PgP""; ""1uM_PgP""; ""100nM_BCRP""]",1200.0,false,1,1152,2000
153,SYN-0153,0.2729,0,promising,0.0,"[""kpuu""; ""1uM_PgP""; ""100nM_BCRP""]",4800.0,true,6,1153,2000
153,SYN-0153,0.2729,0,promising,0.1,"[""100nM_PgP""; ""1uM_PgP""; ""100nM_BCRP""]",1200.0,false,5,1153,2000
153,SYN-0153,0.2729,0,promising,0.2,"[""100nM_PgP""; ""1uM_PgP""]",800.0,false,5,1153,2000
153,SYN-0153,0.2729,0,promising,0.3,"[""100nM_PgP""; ""1uM_PgP""]",800.0,false,5,1153,2000
153,SYN-0153,0.2729,0,promising,0.4,"[""100nM_PgP""; ""1uM_PgP""]",800.0,false,2,1153,2000
153,SYN-0153,0.2729,0,promising,0.5,"[""100nM_PgP""; ""1uM_PgP""]",800.0,false,1,1153,2000
153,SYN-0153,0.2729,0,promising,0.6,"[""100nM_PgP""; ""1uM_PgP""]",800.0,false,2,1153,2000
153,SYN-0153,0.2729,0,promising,0.7,"[""100nM_PgP""; ""1uM_PgP""]",800.0,false,4,1153,2000
153,SYN-0153,0.2729,0,promising,0.8,"[""100nM_PgP""; ""1uM_PgP""]",800.0,false,1,1153,2000
153,SYN-0153,0.2729,0,promising,0.9,"[""100nM_PgP""; ""1uM_PgP""]",800.0,false,2,1153,2000
153,SYN-0153,0.2729,0,promising,1.0,"[""100nM_PgP""; ""1uM_PgP""]",800.0,false,3,1153,2000
154,SYN-0154,0.4628,0,non_promising,0.0,"[""kpuu""; ""1uM_PgP""; ""100nM_BCRP""]",4800.0,true,4,1154,2000
154,SYN-0154,0.4628,0,non_promising,0.1,"[""100nM_BCRP""]",400.0,false,3,1154,2000
154,SYN-0154,0.4628,0,non_promising,0.2,"[""100nM_PgP""; ""100nM_BCRP""]",800.0,false,1,1154,2000
154,SYN-0154,0.4628,0,non_promising,0.3,"[""1uM_PgP""; ""100nM_BCRP""]",800.0,false,2,1154,2000
154,SYN-0154,0.4628,0,non_promising,0.4,"[""100nM_BCRP""]",400.0,false,1,1154,2000
154,SYN-0154,0.4628,0,non_promising,0.5,"[""100nM_BCRP""]",400.0,false,2,1154,2000
154,SYN-0154,0.4628,0,non_promising,0.7,"[""100nM_PgP""; ""100nM_BCRP""]",800.0,false,2,1154,2000
154,SYN-0154,0.4628,0,non_promising,0.8,"[""100nM_BCRP""]",400.0,false,1,1154,2000
154,SYN-0154,0.4628,0,non_promising,0.9,"[""100nM_BCRP""]",400.0,false,3,1154,2000
154,SYN-0154,0.4628,0,non_promising,1.0,"[""100nM_BCRP""]",400.0,false,2,1154,2000
155,SYN-0155,0.9046,1,non_promising,0.0,"[""kpuu""; ""1uM_PgP""]",4400.0,true,4,1155,2000
155,SYN-0155,0.9046,1,non_promising,0.1,"[""100nM_PgP""]",400.0,false,4,1155,2000
156,SYN-0156,0.8063,1,promising,0.0,"[""kpuu""]",4000.0,true,9,1156,2000
156,SYN-0156,0.8063,1,promising,0.1,"[""100nM_PgP""]",400.0,false,4,1156,2000
156,SYN-0156,0.8063,1,promising,0.2,"[""100nM_PgP""]",400.0,false,2,1156,2000
156,SYN-0156,0.8063,1,promising,0.3,"[""100nM_BCRP""]",400.0,false,1,1156,2000
157,SYN-0157,0.5357,1,borderline,0.0,"[""kpuu""; ""1uM_PgP""]",4400.0,true,6,1157,2000
157,SYN-0157,0.5357,1,borderline,0.1,"[""100nM_PgP""; ""100nM_BCRP""]",800.0,false,3,1157,2000
157,SYN-0157,0.5357,1,borderline,0.2,"[""100nM_PgP""]",400.0,false,4,1157,2000
157,SYN-0157,0.5357,1,borderline,0.3,"[""100nM_PgP""; ""1uM_PgP""]",800.0,false,4,1157,2000
157,SYN-0157,0.5357,1,borderline,0.4,"[""100nM_PgP""]",400.0,false,1,1157,2000
157,SYN-0157,0.5357,1,borderline,0.5,"[""100nM_PgP""; ""1uM_PgP""]",800.0,false,2,1157,2000
157,SYN-0157,0.5357,1,borderline,0.6,"[""100nM_PgP""; ""1uM_PgP""]",800.0,false,2,1157,2000
157,SYN-0157,0.5357,1,borderline,0.8,"[""100nM_PgP""; ""1uM_PgP""]",800.0,false,6,1157,2000
157,SYN-0157,0.5357,1,borderline,0.9,"[""100nM_PgP""; ""1uM_PgP""]",800.0,false,5,1157,2000
157,SYN-0157,0.5357,1,borderline,1.0,"[""100nM_PgP""; ""1uM_PgP""]",800.0,false,2,1157,2000
158,SYN-0158,0.0388,0,non_promising,0.0,"[""kpuu""; ""1uM_PgP""]",4400.0,true,3,1158,2000
159,SYN-0159,0.3417,0,non_promising,0.0,"[""kpuu""]",4000.0,true,10,1159,2000
159,SYN-0159,0.3417,0,non_promising,0.08060216322564738,,0.0,false,10,1159,2000
160,SYN-0160,0.8328,1,borderline,0.0,"[""kpuu""]",4000.0,true,9,1160,2000
160,SYN-0160,0.8328,1,borderline,0.1,"[""100nM_PgP""; ""1uM_PgP""]",800.0,false,7,1160,2000
160,SYN-0160,0.8328,1,borderline,0.2,"[""1uM_PgP""]",400.0,false,8,1160,2000
160,SYN-0160,0.8328,1,borderline,0.3,"[""1uM_PgP""]",400.0,false,1,1160,2000
160,SYN-0160,0.8328,1,borderline,0.5,"[""1uM_PgP""]",400.0,false,1,1160,2000
161,SYN-0161,0.6929,1,non_promising,0.0,"[""kpuu""]",4000.0,true,10,1161,2000
161,SYN-0161,0.6929,1,non_promising,0.1,"[""100nM_PgP""]",400.0,false,6,1161,2000
162,SYN-0162,0.9179,1,non_promising,0.0,"[""kpuu""]",4000.0,true,9,1162,2000
162,SYN-0162,0.9179,1,non_promising,0.1,"[""100nM_BCRP""]",400.0,false,6,1162,2000
162,SYN-0162,0.9179,1,non_promising,0.2,"[""1uM_PgP""]",400.0,false,4,1162,2000
162,SYN-0162,0.9179,1,non_promising,0.3,"[""1uM_PgP""]",400.0,false,5,1162,2000
162,SYN-0162,0.9179,1,non_promising,0.4,"[""1uM_PgP""]",400.0,false,3,1162,2000
162,SYN-0162,0.9179,1,non_promising,0.5,"[""1uM_PgP""]",400.0,false,2,1162,2000
162,SYN-0162,0.9179,1,non_promising,0.6,"[""100nM_BCRP""]",400.0,false,1,1162,2000
162,SYN-0162,0.9179,1,non_promising,0.7,"[""100nM_BCRP""]",400.0,false,1,1162,2000
163,SYN-0163,0.2157,0,non_promising,0.0,"[""kpuu""; ""100nM_BCRP""]",4400.0,true,6,1163,2000
163,SYN-0163,0.2157,0,non_promising,0.1,"[""kpuu""]",4000.0,true,5,1163,2000
163,SYN-0163,0.2157,0,non_promising,0.2,"[""100nM_PgP""; ""1uM_PgP""]",800.0,false,4,1163,2000
163,SYN-0163,0.2157,0,non_promising,0.3,"[""100nM_PgP""; ""1uM_PgP""]",800.0,false,7,1163,2000
163,SYN-0163,0.2157,0,non_promising,0.4,"[""100nM_PgP""; ""1uM_PgP""]",800.0,false,4,1163,2000
163,SYN-0163,0.2157,0,non_promising,0.5,"[""100nM_PgP""; ""1uM_PgP""]",800.0,false,3,1163,2000
163,SYN-0163,0.2157,0,non_promising,0.6,"[""1uM_PgP""]",400.0,false,2,1163,2000
163,SYN-0163,0.2157,0,non_promising,0.7,"[""1uM_PgP""]",400.0,false,5,1163,2000
163,SYN-0163,0.2157,0,non_promising,0.8,"[""1uM_PgP""]",400.0,false,2,1163,2000
163,SYN-0163,0.2157,0,non_promising,0.9,"[""1uM_PgP""]",400.0,false,1,1163,2000
164,SYN-0164,0.9595,1,borderline,0.0,"[""kpuu""]",4000.0,true,8,1164,2000
164,SYN-0164,0.9595,1,borderline,0.1,"[""kpuu""]",4000.0,true,5,1164,2000
164,SYN-0164,0.9595,1,borderline,0.2,"[""1uM_PgP""]",400.0,false,6,1164,2000
164,SYN-0164,0.9595,1,borderline,0.3,"[""1uM_PgP""]",400.0,false,4,1164,2000
164,SYN-0164,0.9595,1,borderline,0.4,"[""1uM_PgP""]",400.0,false,3,1164,2000
164,SYN-0164,0.9595,1,borderline,0.5,"[""1uM_PgP""]",400.0,false,2,1164,2000
164,SYN-0164,0.9595,1,borderline,0.7,"[""1uM_PgP""]",400.0,false,1,1164,2000
164,SYN-0164,0.9595,1,borderline,0.9,"[""1uM_PgP""]",400.0,false,1,1164,2000
165,SYN-0165,0.9911,1,borderline,0.0,"[""100nM_PgP""; ""1uM_PgP""]",800.0,false,5,1165,2000
165,SYN-0165,0.9911,1,borderline,0.1,"[""100nM_PgP""; ""1uM_PgP""; ""100nM_BCRP""]",1200.0,false,4,1165,2000
165,SYN-0165,0.9911,1,borderline,0.2,"[""100nM_PgP""; ""1uM_PgP""; ""100nM_BCRP""]",1200.0,false,5,1165,2000
165,SYN-0165,0.9911,1,borderline,0.3,"[""100nM_PgP""; ""1uM_PgP""]",800.0,false,4,1165,2000
165,SYN-0165,0.9911,1,borderline,0.4,"[""100nM_PgP""; ""1uM_PgP""]",800.0,false,3,1165,2000
165,SYN-0165,0.9911,1,borderline,0.5,"[""100nM_PgP""; ""1uM_PgP""]",800.0,false,1,1165,2000
165,SYN-0165,0.9911,1,borderline,0.6,"[""100nM_PgP""; ""1uM_PgP""]",800.0,false,6,1165,2000
165,SYN-0165,0.9911,1,borderline,0.7,"[""100nM_PgP""; ""1uM_PgP""]",800.0,false,1,1165,2000
165,SYN-0165,0.9911,1,borderline,0.8,"[""100nM_PgP""; ""1uM_PgP""]",800.0,false,2,1165,2000
165,SYN-0165,0.9911,1,borderline,0.9,"[""100nM_PgP""; ""1uM_PgP""]",800.0,false,2,1165,2000
166,SYN-0166,1.0,1,borderline,0.0,"[""100nM_BCRP""]",400.0,false,3,1166,2000
166,SYN-0166,1.0,1,borderline,0.1,"[""100nM_PgP""; ""1uM_PgP""; ""100nM_BCRP""]",1200.0,false,3,1166,2000
166,SYN-0166,1.0,1,borderline,0.2,"[""100nM_PgP""; ""1uM_PgP""; ""100nM_BCRP""]",1200.0,false,3,1166,2000
166,SYN-0166,1.0,1,borderline,0.3,"[""100nM_PgP""; ""1uM_PgP""; ""100nM_BCRP""]",1200.0,false,1,1166,2000
166,SYN-0166,1.0,1,borderline,0.4,"[""100nM_PgP""; ""1uM_PgP""]",800.0,false,2,1166,2000
166,SYN-0166,1.0,1,borderline,0.5,"[""100nM_PgP""; ""1uM_PgP""; ""100nM_BCRP""]",1200.0,false,4,1166,2000
166,SYN-0166,1.0,1,borderline,0.6,"[""100nM_PgP""; ""1uM_PgP""]",800.0,false,2,1166,2000
166,SYN-0166,1.0,1,borderline,0.7,"[""100nM_PgP""; ""1uM_PgP""]",800.0,false,2,1166,2000
166,SYN-0166,1.0,1,borderline,0.8,"[""100nM_PgP""; ""1uM_PgP""]",800.0,false,1,1166,2000
166,SYN-0166,1.0,1,borderline,0.9,"[""100nM_PgP""; ""1uM_PgP""]",800.0,false,1,1166,2000
167,SYN-0167,0.3416,0,non_promising,0.0,"[""kpuu""]",4000.0,true,8,1167,2000
167,SYN-0167,0.3416,0,non_promising,0.1,"[""100nM_PgP""; ""1uM_PgP""]",800.0,false,6,1167,2000
167,SYN-0167,0.3416,0,non_promising,0.2,"[""100nM_PgP""; ""100nM_BCRP""]",800.0,false,6,1167,2000
167,SYN-0167,0.3416,0,non_promising,0.3,"[""100nM_PgP""]",400.0,false,7,1167,2000
167,SYN-0167,0.3416,0,non_promising,0.4,"[""100nM_PgP""]",400.0,false,2,1167,2000
167,SYN-0167,0.3416,0,non_promising,0.5,"[""100nM_PgP""]",400.0,false,1,1167,2000
168,SYN-0168,0.0459,0,non_promising,0.0,"[""100nM_PgP""; ""kpuu""; ""100nM_BCRP""]",4800.0,true,5,1168,2000
168,SYN-0168,0.0459,0,non_promising,0.1,"[""100nM_PgP""; ""1uM_PgP""; ""100nM_BCRP""]",1200.0,false,4,1168,2000
168,SYN-0168,0.0459,0,non_promising,0.2,"[""100nM_PgP""; ""1uM_PgP""; ""100nM_BCRP""]",1200.0,false,4,1168,2000
168,SYN-0168,0.0459,0,non_promising,0.3,"[""100nM_PgP""; ""1uM_PgP""; ""100nM_BCRP""]",1200.0,false,1,1168,2000
168,SYN-0168,0.0459,0,non_promising,0.4,"[""1uM_PgP""; ""100nM_BCRP""]",800.0,false,2,1168,2000
168,SYN-0168,0.0459,0,non_promising,0.5,"[""100nM_PgP""; ""1uM_PgP""; ""100nM_BCRP""]",1200.0,false,1,1168,2000
168,SYN-0168,0.0459,0,non_promising,0.6,"[""1uM_PgP""; ""100nM_BCRP""]",800.0,false,1,1168,2000
168,SYN-0168,0.0459,0,non_promising,0.7,"[""1uM_PgP""; ""100nM_BCRP""]",800.0,false,3,1168,2000
168,SYN-0168,0.0459,0,non_promising,0.8,"[""1uM_PgP""; ""100nM_BCRP""]",800.0,false,2,1168,2000
168,SYN-0168,0.0459,0,non_promising,0.9,"[""1uM_PgP""; ""100nM_BCRP""]",800.0,false,5,1168,2000
168,SYN-0168,0.0459,0,non_promising,1.0,"[""1uM_PgP""; ""100nM_BCRP""]",800.0,false,2,1168,2000
169,SYN-0169,1.0,1,promising,0.0,"[""kpuu""]",4000.0,true,5,1169,2000
169,SYN-0169,1.0,1,promising,0.1,"[""kpuu""]",4000.0,true,6,1169,2000
169,SYN-0169,1.0,1,promising,0.2,"[""100nM_PgP""; ""1uM_PgP""; ""100nM_BCRP""]",1200.0,false,4,1169,2000
169,SYN-0169,1.0,1,promising,0.3,"[""100nM_PgP""; ""1uM_PgP""]",800.0,false,3,1169,2000
169,SYN-0169,1.0,1,promising,0.4,"[""100nM_PgP""; ""1uM_PgP""; ""100nM_BCRP""]",1200.0,false,4,1169,2000
169,SYN-0169,1.0,1,promising,0.5,"[""100nM_PgP""; ""1uM_PgP""]",800.0,false,5,1169,2000
169,SYN-0169,1.0,1,promising,0.6,"[""100nM_PgP""; ""1uM_PgP""]",800.0,false,2,1169,2000
169,SYN-0169,1.0,1,promising,0.7,"[""100nM_PgP""; ""1uM_PgP""]",800.0,false,3,1169,2000
169,SYN-0169,1.0,1,promising,0.8,"[""100nM_PgP""; ""1uM_PgP""]",800.0,false,2,1169,2000
169,SYN-0169,1.0,1,promising,0.9,"[""100nM_PgP""; ""1uM_PgP""]",800.0,false,2,1169,2000
169,SYN-0169,1.0,1,promising,1.0,"[""100nM_PgP""; ""1uM_PgP""]",800.0,false,3,1169,2000
170,SYN-0170,0.4014,0,borderline,0.0,"[""100nM_PgP""; ""kpuu""]",4400.0,true,9,1170,2000
170,SYN-0170,0.4014,0,borderline,0.1,"[""100nM_BCRP""]",400.0,false,4,1170,2000
170,SYN-0170,0.4014,0,borderline,0.2,"[""100nM_BCRP""]",400.0,false,2,1170,2000
170,SYN-0170,0.4014,0,borderline,0.3,"[""100nM_BCRP""]",400.0,false,1,1170,2000
170,SYN-0170,0.4014,0,borderline,0.4,"[""100nM_PgP""; ""1uM_PgP""; ""100nM_BCRP""]",1200.0,false,4,1170,2000
170,SYN-0170,0.4014,0,borderline,0.5,"[""100nM_BCRP""]",400.0,false,1,1170,2000
170,SYN-0170,0.4014,0,borderline,0.6,"[""100nM_PgP""; ""1uM_PgP""; ""100nM_BCRP""]",1200.0,false,1,1170,2000
170,SYN-0170,0.4014,0,borderline,0.7,"[""100nM_BCRP""]",400.0,false,3,1170,2000
170,SYN-0170,0.4014,0,borderline,0.8,"[""100nM_BCRP""]",400.0,false,2,1170,2000
170,SYN-0170,0.4014,0,borderline,0.9,"[""100nM_BCRP""]",400.0,false,1,1170,2000
170,SYN-0170,0.4014,0,borderline,1.0,"[""100nM_BCRP""]",400.0,false,2,1170,2000
171,SYN-0171,0.276,0,non_promising,0.0,"[""kpuu""; ""100nM_BCRP""]",4400.0,true,10,1171,2000
171,SYN-0171,0.276,0,non_promising,0.1,"[""100nM_BCRP""]",400.0,false,9,1171,2000
171,SYN-0171,0.276,0,non_promising,0.2,"[""100nM_PgP""]",400.0,false,3,1171,2000
172,SYN-0172,0.34,0,borderline,0.0,"[""kpuu""; ""1uM_PgP""]",4400.0,true,3,1172,2000
172,SYN-0172,0.34,0,borderline,0.1,"[""1uM_PgP""; ""100nM_BCRP""]",800.0,false,4,1172,2000
172,SYN-0172,0.34,0,borderline,0.2,"[""100nM_PgP""; ""1uM_PgP""; ""100nM_BCRP""]",1200.0,false,3,1172,2000
172,SYN-0172,0.34,0,borderline,0.3,"[""100nM_PgP""; ""100nM_BCRP""]",800.0,false,5,1172,2000
172,SYN-0172,0.34,0,borderline,0.4,"[""100nM_PgP""; ""100nM_BCRP""]",800.0,false,3,1172,2000
172,SYN-0172,0.34,0,borderline,0.5,"[""100nM_BCRP""]",400.0,false,3,1172,2000
172,SYN-0172,0.34,0,borderline,0.6,"[""100nM_PgP""; ""1uM_PgP""]",800.0,false,2,1172,2000
172,SYN-0172,0.34,0,borderline,0.7,"[""100nM_PgP""; ""1uM_PgP""]",800.0,false,2,1172,2000
172,SYN-0172,0.34,0,borderline,0.8,"[""100nM_PgP""; ""1uM_PgP""]",800.0,false,2,1172,2000
172,SYN-0172,0.34,0,borderline,0.9,"[""100nM_PgP""; ""100nM_BCRP""]",800.0,false,3,1172,2000
172,SYN-0172,0.34,0,borderline,1.0,"[""100nM_PgP""; ""100nM_BCRP""]",800.0,false,1,1172,2000
173,SYN-0173,1.0,1,borderline,0.0,"[""kpuu""]",4000.0,true,10,1173,2000
173,SYN-0173,1.0,1,borderline,0.1,"[""100nM_BCRP""]",400.0,false,3,1173,2000
173,SYN-0173,1.0,1,borderline,0.2,"[""1uM_PgP""; ""100nM_BCRP""]",800.0,false,3,1173,2000
173,SYN-0173,1.0,1,borderline,0.3,"[""100nM_PgP""; ""100nM_BCRP""]",800.0,false,2,1173,2000
173,SYN-0173,1.0,1,borderline,0.4,"[""100nM_PgP""; ""100nM_BCRP""]",800.0,false,4,1173,2000
173,SYN-0173,1.0,1,borderline,0.5,"[""100nM_PgP""; ""100nM_BCRP""]",800.0,false,2,1173,2000
173,SYN-0173,1.0,1,borderline,0.6,"[""100nM_PgP""; ""1uM_PgP""; ""100nM_BCRP""]",1200.0,false,3,1173,2000
173,SYN-0173,1.0,1,borderline,0.7,"[""100nM_PgP""; ""1uM_PgP""; ""100nM_BCRP""]",1200.0,false,5,1173,2000
173,SYN-0173,1.0,1,borderline,0.8,"[""100nM_PgP""; ""1uM_PgP""; ""100nM_BCRP""]",1200.0,false,4,1173,2000
173,SYN-0173,1.0,1,borderline,0.9,"[""100nM_PgP""; ""1uM_PgP""; ""100nM_BCRP""]",1200.0,false,1,1173,2000
174,SYN-0174,1.0,1,borderline,0.0,"[""kpuu""; ""100nM_BCRP""]",4400.0,true,4,1174,2000
174,SYN-0174,1.0,1,borderline,0.1,"[""kpuu""]",4000.0,true,4,1174,2000
174,SYN-0174,1.0,1,borderline,0.2,"[""100nM_PgP""; ""100nM_BCRP""]",800.0,false,2,1174,2000
174,SYN-0174,1.0,1,borderline,0.3,"[""100nM_PgP""; ""1uM_PgP""; ""100nM_BCRP""]",1200.0,false,3,1174,2000
174,SYN-0174,1.0,1,borderline,0.4,"[""100nM_PgP""; ""1uM_PgP""; ""100nM_BCRP""]",1200.0,false,2,1174,2000
174,SYN-0174,1.0,1,borderline,0.5,"[""100nM_PgP""; ""100nM_BCRP""]",800.0,false,3,1174,2000
174,SYN-0174,1.0,1,borderline,0.6,"[""100nM_PgP""; ""1uM_PgP""; ""100nM_BCRP""]",1200.0,false,2,1174,2000
174,SYN-0174,1.0,1,borderline,0.7,"[""100nM_PgP""; ""1uM_PgP""; ""100nM_BCRP""]",1200.0,false,4,1174,2000
174,SYN-0174,1.0,1,borderline,0.8,"[""100nM_PgP""; ""100nM_BCRP""]",800.0,false,3,1174,2000
174,SYN-0174,1.0,1,borderline,1.0,"[""100nM_PgP""; ""100nM_BCRP""]",800.0,false,2,1174,2000
175,SYN-0175,1.0,1,promising,0.0,"[""100nM_PgP""; ""kpuu""]",4400.0,true,7,1175,2000
175,SYN-0175,1.0,1,promising,0.1,"[""100nM_BCRP""]",400.0,false,3,1175,2000
175,SYN-0175,1.0,1,promising,0.2,"[""100nM_PgP""; ""100nM_BCRP""]",800.0,false,3,1175,2000
175,SYN-0175,1.0,1,promising,0.3,"[""100nM_PgP""; ""100nM_BCRP""]",800.0,false,2,1175,2000
175,SYN-0175,1.0,1,promising,0.4,"[""100nM_PgP""; ""100nM_BCRP""]",800.0,false,3,1175,2000
175,SYN-0175,1.0,1,promising,0.5,"[""100nM_PgP""; ""1uM_PgP""]",800.0,false,2,1175,2000
175,SYN-0175,1.0,1,promising,0.6,"[""100nM_PgP""; ""1uM_PgP""]",800.0,false,5,1175,2000
175,SYN-0175,1.0,1,promising,0.7,"[""100nM_PgP""; ""1uM_PgP""]",800.0,false,2,1175,2000
175,SYN-0175,1.0,1,promising,0.8,"[""100nM_PgP""; ""1uM_PgP""]",800.0,false,1,1175,2000
175,SYN-0175,1.0,1,promising,1.0,"[""100nM_PgP""; ""1uM_PgP""]",800.0,false,1,1175,2000
176,SYN-0176,0.4054,0,promising,0.0,"[""kpuu""]",4000.0,true,10,1176,2000
176,SYN-0176,0.4054,0,promising,0.1,"[""100nM_PgP""]",400.0,false,9,1176,2000
176,SYN-0176,0.4054,0,promising,0.2,"[""100nM_PgP""]",400.0,false,3,1176,2000
176,SYN-0176,0.4054,0,promising,0.46988006108182767,,0.0,false,10,1176,2000
177,SYN-0177,0.4441,0,non_promising,0.0,"[""kpuu""; ""1uM_PgP""; ""100nM_BCRP""]",4800.0,true,6,1177,2000
177,SYN-0177,0.4441,0,non_promising,0.1,"[""100nM_PgP""]",400.0,false,3,1177,2000
177,SYN-0177,0.4441,0,non_promising,0.2,"[""100nM_PgP""; ""1uM_PgP""]",800.0,false,3,1177,2000
177,SYN-0177,0.4441,0,non_promising,0.3,"[""1uM_PgP""; ""100nM_BCRP""]",800.0,false,5,1177,2000
177,SYN-0177,0.4441,0,non_promising,0.4,"[""100nM_PgP""; ""100nM_BCRP""]",800.0,false,4,1177,2000
177,SYN-0177,0.4441,0,non_promising,0.5,"[""100nM_PgP""; ""1uM_PgP""]",800.0,false,2,1177,2000
177,SYN-0177,0.4441,0,non_promising,0.6,"[""100nM_PgP""; ""1uM_PgP""]",800.0,false,2,1177,2000
177,SYN-0177,0.4441,0,non_promising,0.7,"[""1uM_PgP""; ""100nM_BCRP""]",800.0,false,1,1177,2000
177,SYN-0177,0.4441,0,non_promising,0.9,"[""100nM_PgP""; ""100nM_BCRP""]",800.0,false,1,1177,2000
177,SYN-0177,0.4441,0,non_promising,1.0,"[""1uM_PgP""; ""100nM_BCRP""]",800.0,false,2,1177,2000
178,SYN-0178,1.0,1,non_promising,0.0,"[""kpuu""; ""1uM_PgP""; ""100nM_BCRP""]",4800.0,true,3,1178,2000
178,SYN-0178,1.0,1,non_promising,0.1,"[""100nM_BCRP""]",400.0,false,2,1178,2000
178,SYN-0178,1.0,1,non_promising,0.2,"[""100nM_PgP""]",400.0,false,2,1178,2000
178,SYN-0178,1.0,1,non_promising,0.3,"[""100nM_PgP""; ""1uM_PgP""; ""100nM_BCRP""]",1200.0,false,1,1178,2000
178,SYN-0178,1.0,1,non_promising,0.4,"[""100nM_PgP""]",400.0,false,2,1178,2000
178,SYN-0178,1.0,1,non_promising,0.5,"[""100nM_BCRP""]",400.0,false,1,1178,2000
178,SYN-0178,1.0,1,non_promising,0.6,"[""100nM_PgP""]",400.0,false,1,1178,2000
178,SYN-0178,1.0,1,non_promising,0.7,"[""100nM_PgP""; ""100nM_BCRP""]",800.0,false,1,1178,2000
178,SYN-0178,1.0,1,non_promising,0.8,"[""100nM_PgP""; ""1uM_PgP""; ""100nM_BCRP""]",1200.0,false,2,1178,2000
178,SYN-0178,1.0,1,non_promising,0.9,"[""100nM_BCRP""]",400.0,false,1,1178,2000
178,SYN-0178,1.0,1,non_promising,1.0,"[""100nM_PgP""]",400.0,false,1,1178,2000
179,SYN-0179,0.1102,0,non_promising,0.0,"[""100nM_PgP""; ""kpuu""; ""100nM_BCRP""]",4800.0,true,2,1179,2000
179,SYN-0179,0.1102,0,non_promising,0.1,"[""100nM_PgP""; ""100nM_BCRP""]",800.0,false,3,1179,2000
179,SYN-0179,0.1102,0,non_promising,0.2,"[""kpuu""; ""100nM_BCRP""]",4400.0,true,2,1179,2000
179,SYN-0179,0.1102,0,non_promising,0.3,"[""100nM_PgP""]",400.0,false,1,1179,2000
179,SYN-0179,0.1102,0,non_promising,0.4,"[""100nM_BCRP""]",400.0,false,2,1179,2000
179,SYN-0179,0.1102,0,non_promising,0.6,"[""100nM_PgP""; ""100nM_BCRP""]",800.0,false,1,1179,2000
180,SYN-0180,0.313,0,non_promising,0.0,"[""kpuu""]",4000.0,true,10,1180,2000
180,SYN-0180,0.313,0,non_promising,0.002459430716096698,,0.0,false,10,1180,2000
181,SYN-0181,0.3413,0,non_promising,0.0,"[""100nM_PgP""; ""1uM_PgP""; ""100nM_BCRP""]",1200.0,false,3,1181,2000
181,SYN-0181,0.3413,0,non_promising,0.1,"[""100nM_PgP""]",400.0,false,2,1181,2000
181,SYN-0181,0.3413,0,non_promising,0.2,"[""100nM_PgP""]",400.0,false,2,1181,2000
181,SYN-0181,0.3413,0,non_promising,0.3,"[""100nM_PgP""]",400.0,false,1,1181,2000
181,SYN-0181,0.3413,0,non_promising,0.4,"[""100nM_PgP""; ""100nM_BCRP""]",800.0,false,2,1181,2000
181,SYN-0181,0.3413,0,non_promising,0.5,"[""100nM_PgP""; ""1uM_PgP""]",800.0,false,2,1181,2000
181,SYN-0181,0.3413,0,non_promising,0.6,"[""1uM_PgP""]",400.0,false,1,1181,2000
181,SYN-0181,0.3413,0,non_promising,0.7,"[""100nM_PgP""; ""100nM_BCRP""]",800.0,false,1,1181,2000
181,SYN-0181,0.3413,0,non_promising,0.9,"[""1uM_PgP""; ""100nM_BCRP""]",800.0,false,1,1181,2000
181,SYN-0181,0.3413,0,non_promising,1.0,"[""100nM_PgP""; ""100nM_BCRP""]",800.0,false,1,1181,2000
182,SYN-0182,0.3443,0,non_promising,0.0,"[""100nM_PgP""; ""100nM_BCRP""]",800.0,false,4,1182,2000
182,SYN-0182,0.3443,0,non_promising,0.1,"[""100nM_PgP""; ""1uM_PgP""]",800.0,false,3,1182,2000
182,SYN-0182,0.3443,0,non_promising,0.2,"[""1uM_PgP""; ""100nM_BCRP""]",800.0,false,4,1182,2000
182,SYN-0182,0.3443,0,non_promising,0.3,"[""1uM_PgP""]",400.0,false,2,1182,2000
182,SYN-0182,0.3443,0,non_promising,0.4,"[""1uM_PgP""; ""100nM_BCRP""]",800.0,false,2,1182,2000
182,SYN-0182,0.3443,0,non_promising,0.5,"[""1uM_PgP""]",400.0,false,2,1182,2000
182,SYN-0182,0.3443,0,non_promising,0.6,"[""1uM_PgP""; ""100nM_BCRP""]",800.0,false,2,1182,2000
182,SYN-0182,0.3443,0,non_promising,0.7,"[""1uM_PgP""]",400.0,false,1,1182,2000
182,SYN-0182,0.3443,0,non_promising,0.8,"[""1uM_PgP""]",400.0,false,5,1182,2000
182,SYN-0182,0.3443,0,non_promising,1.0,"[""1uM_PgP""]",400.0,false,3,1182,2000
183,SYN-0183,0.4207,0,non_promising,0.0,"[""100nM_PgP""; ""kpuu""]",4400.0,true,4,1183,2000
183,SYN-0183,0.4207,0,non_promising,0.1,"[""100nM_PgP""; ""1uM_PgP""; ""100nM_BCRP""]",1200.0,false,4,1183,2000
183,SYN-0183,0.4207,0,non_promising,0.2,"[""100nM_PgP""; ""1uM_PgP""]",800.0,false,6,1183,2000
183,SYN-0183,0.4207,0,non_promising,0.3,"[""1uM_PgP""]",400.0,false,7,1183,2000
183,SYN-0183,0.4207,0,non_promising,0.4,"[""1uM_PgP""]",400.0,false,3,1183,2000
183,SYN-0183,0.4207,0,non_promising,0.5,"[""1uM_PgP""]",400.0,false,2,1183,2000
184,SYN-0184,1.0,1,promising,0.0,"[""100nM_PgP""; ""1uM_PgP""; ""100nM_BCRP""]",1200.0,false,9,1184,2000
184,SYN-0184,1.0,1,promising,0.1,"[""100nM_PgP""; ""1uM_PgP""]",800.0,false,5,1184,2000
184,SYN-0184,1.0,1,promising,0.2,"[""1uM_PgP""; ""100nM_BCRP""]",800.0,false,2,1184,2000
184,SYN-0184,1.0,1,promising,0.3,"[""1uM_PgP""; ""100nM_BCRP""]",800.0,false,5,1184,2000
184,SYN-0184,1.0,1,promising,0.4,"[""100nM_PgP""; ""100nM_BCRP""]",800.0,false,1,1184,2000
184,SYN-0184,1.0,1,promising,0.5,"[""100nM_PgP""; ""1uM_PgP""; ""100nM_BCRP""]",1200.0,false,6,1184,2000
184,SYN-0184,1.0,1,promising,0.6,"[""100nM_PgP""; ""1uM_PgP""; ""100nM_BCRP""]",1200.0,false,4,1184,2000
184,SYN-0184,1.0,1,promising,0.8,"[""100nM_PgP""; ""1uM_PgP""; ""100nM_BCRP""]",1200.0,false,2,1184,2000
184,SYN-0184,1.0,1,promising,0.9,"[""100nM_PgP""; ""1uM_PgP""; ""100nM_BCRP""]",1200.0,false,4,1184,2000
184,SYN-0184,1.0,1,promising,1.0,"[""100nM_PgP""; ""1uM_PgP""; ""100nM_BCRP""]",1200.0,false,1,1184,2000
185,SYN-0185,0.4553,0,non_promising,0.0,"[""kpuu""]",4000.0,true,5,1185,2000
185,SYN-0185,0.4553,0,non_promising,0.1,"[""100nM_PgP""; ""1uM_PgP""; ""100nM_BCRP""]",1200.0,false,4,1185,2000
185,SYN-0185,0.4553,0,non_promising,0.2,"[""100nM_PgP""; ""1uM_PgP""]",800.0,false,2,1185,2000
185,SYN-0185,0.4553,0,non_promising,0.3,"[""1uM_PgP""]",400.0,false,4,1185,2000
185,SYN-0185,0.4553,0,non_promising,0.4,"[""1uM_PgP""]",400.0,false,1,1185,2000
185,SYN-0185,0.4553,0,non_promising,0.5,"[""1uM_PgP""]",400.0,false,1,1185,2000
185,SYN-0185,0.4553,0,non_promising,0.6,"[""1uM_PgP""]",400.0,false,1,1185,2000
185,SYN-0185,0.4553,0,non_promising,0.7,"[""1uM_PgP""]",400.0,false,1,1185,2000
185,SYN-0185,0.4553,0,non_promising,0.8,"[""1uM_PgP""]",400.0,false,1,1185,2000
185,SYN-0185,0.4553,0,non_promising,0.9,"[""1uM_PgP""]",400.0,false,1,1185,2000
185,SYN-0185,0.4553,0,non_promising,1.0,"[""1uM_PgP""]",400.0,false,1,1185,2000
186,SYN-0186,1.0,1,borderline,0.0,"[""kpuu""]",4000.0,true,10,1186,2000
186,SYN-0186,1.0,1,borderline,0.1,"[""100nM_BCRP""]",400.0,false,3,1186,2000
186,SYN-0186,1.0,1,borderline,0.2,"[""100nM_BCRP""]",400.0,false,4,1186,2000
186,SYN-0186,1.0,1,borderline,0.3,"[""100nM_BCRP""]",400.0,false,2,1186,2000
186,SYN-0186,1.0,1,borderline,0.4,"[""1uM_PgP""; ""100nM_BCRP""]",800.0,false,4,1186,2000
186,SYN-0186,1.0,1,borderline,0.5,"[""100nM_PgP""; ""100nM_BCRP""]",800.0,false,4,1186,2000
186,SYN-0186,1.0,1,borderline,0.6,"[""100nM_PgP""; ""100nM_BCRP""]",800.0,false,4,1186,2000
186,SYN-0186,1.0,1,borderline,0.7,"[""100nM_PgP""; ""100nM_BCRP""]",800.0,false,2,1186,2000
186,SYN-0186,1.0,1,borderline,0.8,"[""100nM_PgP""; ""100nM_BCRP""]",800.0,false,1,1186,2000
186,SYN-0186,1.0,1,borderline,0.9,"[""1uM_PgP""; ""100nM_BCRP""]",800.0,false,1,1186,2000
186,SYN-0186,1.0,1,borderline,1.0,"[""100nM_PgP""; ""100nM_BCRP""]",800.0,false,2,1186,2000
187,SYN-0187,0.4025,0,promising,0.0,"[""kpuu""]",4000.0,true,10,1187,2000
187,SYN-0187,0.4025,0,promising,0.1,"[""100nM_PgP""; ""1uM_PgP""; ""100nM_BCRP""]",1200.0,false,2,1187,2000
187,SYN-0187,0.4025,0,promising,0.2,"[""100nM_BCRP""]",400.0,false,3,1187,2000
187,SYN-0187,0.4025,0,promising,0.3,"[""100nM_PgP""; ""1uM_PgP""; ""100nM_BCRP""]",1200.0,false,3,1187,2000
187,SYN-0187,0.4025,0,promising,0.4,"[""100nM_PgP""; ""1uM_PgP""]",800.0,false,4,1187,2000
187,SYN-0187,0.4025,0,promising,0.5,"[""100nM_PgP""; ""1uM_PgP""]",800.0,false,2,1187,2000
187,SYN-0187,0.4025,0,promising,0.6,"[""100nM_PgP""; ""1uM_PgP""]",800.0,false,1,1187,2000
187,SYN-0187,0.4025,0,promising,0.7,"[""100nM_PgP""; ""1uM_PgP""]",800.0,false,2,1187,2000
187,SYN-0187,0.4025,0,promising,0.8,"[""100nM_PgP""; ""1uM_PgP""]",800.0,false,1,1187,2000
187,SYN-0187,0.4025,0,promising,0.9,"[""100nM_PgP""; ""1uM_PgP""]",800.0,false,1,1187,2000
187,SYN-0187,0.4025,0,promising,1.0,"[""100nM_PgP""; ""1uM_PgP""]",800.0,false,2,1187,2000
188,SYN-0188,0.9073,1,borderline,0.0,"[""kpuu""]",4000.0,true,10,1188,2000
188,SYN-0188,0.9073,1,borderline,0.1,"[""100nM_PgP""; ""100nM_BCRP""]",800.0,false,3,1188,2000
188,SYN-0188,0.9073,1,borderline,0.2,"[""100nM_PgP""; ""100nM_BCRP""]",800.0,false,3,1188,2000
188,SYN-0188,0.9073,1,borderline,0.3,"[""100nM_PgP""; ""100nM_BCRP""]",800.0,false,1,1188,2000
188,SYN-0188,0.9073,1,borderline,0.4,"[""1uM_PgP""; ""100nM_BCRP""]",800.0,false,1,1188,2000
188,SYN-0188,0.9073,1,borderline,0.5,"[""1uM_PgP""; ""100nM_BCRP""]",800.0,false,2,1188,2000
188,SYN-0188,0.9073,1,borderline,0.6,"[""1uM_PgP""; ""100nM_BCRP""]",800.0,false,1,1188,2000
188,SYN-0188,0.9073,1,borderline,0.7,"[""100nM_PgP""; ""100nM_BCRP""]",800.0,false,1,1188,2000
188,SYN-0188,0.9073,1,borderline,0.8,"[""1uM_PgP""; ""100nM_BCRP""]",800.0,false,1,1188,2000
189,SYN-0189,0.2999,0,non_promising,0.0,"[""kpuu""]",4000.0,true,5,1189,2000
189,SYN-0189,0.2999,0,non_promising,0.1,"[""1uM_PgP""]",400.0,false,3,1189,2000
189,SYN-0189,0.2999,0,non_promising,0.2,"[""100nM_BCRP""]",400.0,false,3,1189,2000
189,SYN-0189,0.2999,0,non_promising,0.3,"[""100nM_BCRP""]",400.0,false,2,1189,2000
189,SYN-0189,0.2999,0,non_promising,0.4,"[""1uM_PgP""]",400.0,false,2,1189,2000
189,SYN-0189,0.2999,0,non_promising,0.5,"[""100nM_BCRP""]",400.0,false,2,1189,2000
189,SYN-0189,0.2999,0,non_promising,0.6,"[""100nM_BCRP""]",400.0,false,3,1189,2000
189,SYN-0189,0.2999,0,non_promising,0.7,"[""1uM_PgP""]",400.0,false,1,1189,2000
189,SYN-0189,0.2999,0,non_promising,0.8,"[""100nM_BCRP""]",400.0,false,3,1189,2000
189,SYN-0189,0.2999,0,non_promising,0.9,"[""1uM_PgP""]",400.0,false,1,1189,2000
189,SYN-0189,0.2999,0,non_promising,1.0,"[""100nM_BCRP""]",400.0,false,1,1189,2000
190,SYN-0190,0.3726,0,non_promising,0.0,"[""100nM_PgP""; ""100nM_BCRP""]",800.0,false,3,1190,2000
190,SYN-0190,0.3726,0,non_promising,0.1,"[""100nM_PgP""; ""1uM_PgP""; ""100nM_BCRP""]",1200.0,false,3,1190,2000
190,SYN-0190,0.3726,0,non_promising,0.2,"[""1uM_PgP""]",400.0,false,2,1190,2000
190,SYN-0190,0.3726,0,non_promising,0.3,"[""100nM_PgP""]",400.0,false,1,1190,2000
190,SYN-0190,0.3726,0,non_promising,0.4,"[""1uM_PgP""]",400.0,false,2,1190,2000
190,SYN-0190,0.3726,0,non_promising,0.5,"[""100nM_PgP""]",400.0,false,1,1190,2000
190,SYN-0190,0.3726,0,non_promising,0.6,"[""1uM_PgP""]",400.0,false,1,1190,2000
190,SYN-0190,0.3726,0,non_promising,0.7,"[""100nM_BCRP""]",400.0,false,3,1190,2000
190,SYN-0190,0.3726,0,non_promising,0.9,"[""100nM_PgP""]",400.0,false,1,1190,2000
191,SYN-0191,0.3581,0,promising,0.0,"[""kpuu""]",4000.0,true,7,1191,2000
191,SYN-0191,0.3581,0,promising,0.1,"[""100nM_PgP""; ""1uM_PgP""; ""100nM_BCRP""]",1200.0,false,5,1191,2000
191,SYN-0191,0.3581,0,promising,0.2,"[""1uM_PgP""; ""100nM_BCRP""]",800.0,false,3,1191,2000
191,SYN-0191,0.3581,0,promising,0.3,"[""1uM_PgP""]",400.0,false,3,1191,2000
191,SYN-0191,0.3581,0,promising,0.4,"[""1uM_PgP""]",400.0,false,3,1191,2000
191,SYN-0191,0.3581,0,promising,0.5,"[""1uM_PgP""]",400.0,false,3,1191,2000
191,SYN-0191,0.3581,0,promising,0.6,"[""1uM_PgP""]",400.0,false,3,1191,2000
191,SYN-0191,0.3581,0,promising,0.7,"[""1uM_PgP""]",400.0,false,2,1191,2000
191,SYN-0191,0.3581,0,promising,0.8,"[""1uM_PgP""]",400.0,false,2,1191,2000
191,SYN-0191,0.3581,0,promising,0.9,"[""1uM_PgP""]",400.0,false,2,1191,2000
191,SYN-0191,0.3581,0,promising,1.0,"[""1uM_PgP""]",400.0,false,2,1191,2000
192,SYN-0192,0.0611,0,non_promising,0.0,"[""kpuu""]",4000.0,true,10,1192,2000
192,SYN-0192,0.0611,0,non_promising,0.0007505212969732471,,0.0,false,10,1192,2000
193,SYN-0193,0.1042,0,non_promising,0.0,"[""100nM_PgP""; ""kpuu""]",4400.0,true,3,1193,2000
194,SYN-0194,0.6544,1,borderline,0.0,"[""kpuu""; ""1uM_PgP""]",4400.0,true,4,1194,2000
194,SYN-0194,0.6544,1,borderline,0.1,"[""100nM_BCRP""]",400.0,false,3,1194,2000
194,SYN-0194,0.6544,1,borderline,0.2,"[""100nM_PgP""; ""100nM_BCRP""]",800.0,false,2,1194,2000
194,SYN-0194,0.6544,1,borderline,0.3,"[""100nM_BCRP""]",400.0,false,2,1194,2000
194,SYN-0194,0.6544,1,borderline,0.4,"[""100nM_PgP""; ""100nM_BCRP""]",800.0,false,2,1194,2000
194,SYN-0194,0.6544,1,borderline,0.5,"[""100nM_PgP""; ""100nM_BCRP""]",800.0,false,1,1194,2000
194,SYN-0194,0.6544,1,borderline,0.6,"[""1uM_PgP""; ""100nM_BCRP""]",800.0,false,2,1194,2000
194,SYN-0194,0.6544,1,borderline,0.7,"[""100nM_PgP""; ""100nM_BCRP""]",800.0,false,2,1194,2000
194,SYN-0194,0.6544,1,borderline,0.8,"[""1uM_PgP""; ""100nM_BCRP""]",800.0,false,1,1194,2000
194,SYN-0194,0.6544,1,borderline,0.9,"[""1uM_PgP""; ""100nM_BCRP""]",800.0,false,1,1194,2000
194,SYN-0194,0.6544,1,borderline,1.0,"[""1uM_PgP""; ""100nM_BCRP""]",800.0,false,2,1194,2000
195,SYN-0195,1.0,1,borderline,0.0,"[""kpuu""; ""1uM_PgP""]",4400.0,true,6,1195,2000
195,SYN-0195,1.0,1,borderline,0.1,"[""kpuu""]",4000.0,true,6,1195,2000
195,SYN-0195,1.0,1,borderline,0.2,"[""1uM_PgP""]",400.0,false,3,1195,2000
195,SYN-0195,1.0,1,borderline,0.3,"[""100nM_PgP""; ""1uM_PgP""; ""100nM_BCRP""]",1200.0,false,4,1195,2000
195,SYN-0195,1.0,1,borderline,0.4,"[""100nM_PgP""; ""100nM_BCRP""]",800.0,false,2,1195,2000
195,SYN-0195,1.0,1,borderline,0.5,"[""1uM_PgP""; ""100nM_BCRP""]",800.0,false,3,1195,2000
195,SYN-0195,1.0,1,borderline,0.6,"[""100nM_PgP""; ""1uM_PgP""; ""100nM_BCRP""]",1200.0,false,4,1195,2000
195,SYN-0195,1.0,1,borderline,0.7,"[""100nM_PgP""; ""100nM_BCRP""]",800.0,false,3,1195,2000
195,SYN-0195,1.0,1,borderline,0.8,"[""100nM_PgP""; ""1uM_PgP""; ""100nM_BCRP""]",1200.0,false,2,1195,2000
195,SYN-0195,1.0,1,borderline,0.9,"[""100nM_PgP""; ""1uM_PgP""; ""100nM_BCRP""]",1200.0,false,4,1195,2000
195,SYN-0195,1.0,1,borderline,1.0,"[""100nM_PgP""; ""1uM_PgP""; ""100nM_BCRP""]",1200.0,false,1,1195,2000
196,SYN-0196,1.0,1,borderline,0.0,"[""kpuu""]",4000.0,true,3,1196,2000
196,SYN-0196,1.0,1,borderline,0.1,"[""100nM_PgP""; ""1uM_PgP""]",800.0,false,3,1196,2000
196,SYN-0196,1.0,1,borderline,0.2,"[""100nM_PgP""]",400.0,false,3,1196,2000
196,SYN-0196,1.0,1,borderline,0.3,"[""1uM_PgP""]",400.0,false,3,1196,2000
196,SYN-0196,1.0,1,borderline,0.4,"[""1uM_PgP""]",400.0,false,4,1196,2000
196,SYN-0196,1.0,1,borderline,0.5,"[""100nM_BCRP""]",400.0,false,3,1196,2000
196,SYN-0196,1.0,1,borderline,0.6,"[""1uM_PgP""]",400.0,false,1,1196,2000
196,SYN-0196,1.0,1,borderline,0.7,"[""100nM_BCRP""]",400.0,false,1,1196,2000
196,SYN-0196,1.0,1,borderline,0.8,"[""100nM_PgP""]",400.0,false,1,1196,2000
196,SYN-0196,1.0,1,borderline,0.9,"[""1uM_PgP""]",400.0,false,1,1196,2000
196,SYN-0196,1.0,1,borderline,1.0,"[""100nM_PgP""]",400.0,false,1,1196,2000
197,SYN-0197,0.1319,0,non_promising,0.0,"[""kpuu""]",4000.0,true,9,1197,2000
197,SYN-0197,0.1319,0,non_promising,0.0657299939983019,,0.0,false,10,1197,2000
198,SYN-0198,0.0162,0,non_promising,0.0,"[""kpuu""]",4000.0,true,6,1198,2000
198,SYN-0198,0.0162,0,non_promising,0.1,"[""100nM_PgP""]",400.0,false,5,1198,2000
198,SYN-0198,0.0162,0,non_promising,0.2,"[""100nM_PgP""]",400.0,false,1,1198,2000
198,SYN-0198,0.0162,0,non_promising,0.3,"[""100nM_PgP""]",400.0,false,3,1198,2000
198,SYN-0198,0.0162,0,non_promising,0.4,"[""100nM_PgP""]",400.0,false,1,1198,2000
198,SYN-0198,0.0162,0,non_promising,0.5,"[""100nM_PgP""]",400.0,false,1,1198,2000
198,SYN-0198,0.0162,0,non_promising,0.7,"[""1uM_PgP""]",400.0,false,3,1198,2000
198,SYN-0198,0.0162,0,non_promising,0.9,"[""1uM_PgP""]",400.0,false,1,1198,2000
198,SYN-0198,0.0162,0,non_promising,1.0,"[""100nM_PgP""]",400.0,false,2,1198,2000
199,SYN-0199,0.1806,0,non_promising,0.0,"[""kpuu""; ""1uM_PgP""]",4400.0,true,2,1199,2000
199,SYN-0199,0.1806,0,non_promising,0.1,"[""100nM_PgP""; ""100nM_BCRP""]",800.0,false,3,1199,2000
199,SYN-0199,0.1806,0,non_promising,0.2,"[""100nM_PgP""]",400.0,false,3,1199,2000
199,SYN-0199,0.1806,0,non_promising,0.3,"[""100nM_PgP""]",400.0,false,2,1199,2000
199,SYN-0199,0.1806,0,non_promising,0.4,"[""100nM_PgP""]",400.0,false,2,1199,2000
199,SYN-0199,0.1806,0,non_promising,0.5,"[""100nM_PgP""]",400.0,false,2,1199,2000
199,SYN-0199,0.1806,0,non_promising,0.6,"[""100nM_PgP""]",400.0,false,2,1199,2000
199,SYN-0199,0.1806,0,non_promising,0.7,"[""100nM_PgP""]",400.0,false,1,1199,2000
199,SYN-0199,0.1806,0,non_promising,0.9,"[""100nM_PgP""]",400.0,false,1,1199,2000
200,SYN-0200,0.2085,0,non_promising,0.0,"[""kpuu""]",4000.0,true,7,1200,2000
200,SYN-0200,0.2085,0,non_promising,0.1,"[""100nM_BCRP""]",400.0,false,7,1200,2000
200,SYN-0200,0.2085,0,non_promising,0.2,"[""100nM_PgP""; ""1uM_PgP""; ""100nM_BCRP""]",1200.0,false,2,1200,2000
200,SYN-0200,0.2085,0,non_promising,0.3,"[""100nM_BCRP""]",400.0,false,3,1200,2000
200,SYN-0200,0.2085,0,non_promising,0.4,"[""100nM_BCRP""]",400.0,false,4,1200,2000
200,SYN-0200,0.2085,0,non_promising,0.5,"[""100nM_BCRP""]",400.0,false,5,1200,2000
200,SYN-0200,0.2085,0,non_promising,0.6,"[""100nM_BCRP""]",400.0,false,2,1200,2000
200,SYN-0200,0.2085,0,non_promising,0.7,"[""100nM_BCRP""]",400.0,false,3,1200,2000
200,SYN-0200,0.2085,0,non_promising,0.8,"[""100nM_BCRP""]",400.0,false,2,1200,2000
200,SYN-0200,0.2085,0,non_promising,0.9,"[""100nM_BCRP""]",400.0,false,1,1200,2000
200,SYN-0200,0.2085,0,non_promising,1.0,"[""100nM_BCRP""]",400.0,false,2,1200,2000
201,SYN-0201,0.2806,0,borderline,0.0,"[""100nM_PgP""; ""kpuu""; ""100nM_BCRP""]",4800.0,true,4,1201,2000
201,SYN-0201,0.2806,0,borderline,0.1,"[""1uM_PgP""; ""100nM_BCRP""]",800.0,false,4,1201,2000
201,SYN-0201,0.2806,0,borderline,0.2,"[""100nM_BCRP""]",400.0,false,4,1201,2000
201,SYN-0201,0.2806,0,borderline,0.3,"[""100nM_BCRP""]",400.0,false,2,1201,2000
201,SYN-0201,0.2806,0,borderline,0.4,"[""100nM_PgP""; ""1uM_PgP""]",800.0,false,5,1201,2000
201,SYN-0201,0.2806,0,borderline,0.5,"[""100nM_PgP""; ""1uM_PgP""]",800.0,false,3,1201,2000
201,SYN-0201,0.2806,0,borderline,0.6,"[""100nM_PgP""; ""1uM_PgP""]",800.0,false,3,1201,2000
201,SYN-0201,0.2806,0,borderline,0.7,"[""100nM_PgP""; ""1uM_PgP""; ""100nM_BCRP""]",1200.0,false,1,1201,2000
201,SYN-0201,0.2806,0,borderline,0.8,"[""100nM_PgP""; ""1uM_PgP""]",800.0,false,3,1201,2000
201,SYN-0201,0.2806,0,borderline,0.9,"[""100nM_PgP""; ""1uM_PgP""]",800.0,false,2,1201,2000
201,SYN-0201,0.2806,0,borderline,1.0,"[""100nM_PgP""; ""1uM_PgP""]",800.0,false,2,1201,2000
202,SYN-0202,1.0,1,non_promising,0.0,"[""kpuu""]",4000.0,true,2,1202,2000
203,SYN-0203,0.6398,1,borderline,0.0,"[""kpuu""]",4000.0,true,10,1203,2000
203,SYN-0203,0.6398,1,borderline,0.1,"[""100nM_PgP""; ""1uM_PgP""; ""100nM_BCRP""]",1200.0,false,4,1203,2000
203,SYN-0203,0.6398,1,borderline,0.2,"[""100nM_PgP""; ""100nM_BCRP""]",800.0,false,2,1203,2000
203,SYN-0203,0.6398,1,borderline,0.3,"[""100nM_PgP""; ""1uM_PgP""; ""100nM_BCRP""]",1200.0,false,3,1203,2000
203,SYN-0203,0.6398,1,borderline,0.4,"[""100nM_PgP""; ""100nM_BCRP""]",800.0,false,2,1203,2000
203,SYN-0203,0.6398,1,borderline,0.5,"[""100nM_PgP""; ""1uM_PgP""; ""100nM_BCRP""]",1200.0,false,4,1203,2000
203,SYN-0203,0.6398,1,borderline,0.6,"[""100nM_PgP""; ""1uM_PgP""; ""100nM_BCRP""]",1200.0,false,1,1203,2000
203,SYN-0203,0.6398,1,borderline,0.7,"[""100nM_PgP""; ""1uM_PgP""; ""100nM_BCRP""]",1200.0,false,2,1203,2000
203,SYN-0203,0.6398,1,borderline,0.8,"[""100nM_PgP""; ""1uM_PgP""; ""100nM_BCRP""]",1200.0,false,1,1203,2000
203,SYN-0203,0.6398,1,borderline,0.9,"[""100nM_PgP""; ""1uM_PgP""; ""100nM_BCRP""]",1200.0,false,3,1203,2000
203,SYN-0203,0.6398,1,borderline,1.0,"[""100nM_PgP""; ""1uM_PgP""; ""100nM_BCRP""]",1200.0,false,1,1203,2000
204,SYN-0204,0.3256,0,non_promising,0.0,"[""100nM_PgP""]",400.0,false,3,1204,2000
205,SYN-0205,0.0399,0,borderline,0.0,"[""100nM_PgP""; ""kpuu""; ""1uM_PgP""]",4800.0,true,5,1205,2000
205,SYN-0205,0.0399,0,borderline,0.1,"[""kpuu""]",4000.0,true,2,1205,2000
205,SYN-0205,0.0399,0,borderline,0.2,"[""100nM_PgP""; ""100nM_BCRP""]",800.0,false,3,1205,2000
205,SYN-0205,0.0399,0,borderline,0.3,"[""100nM_PgP""; ""100nM_BCRP""]",800.0,false,2,1205,2000
205,SYN-0205,0.0399,0,borderline,0.4,"[""100nM_PgP""; ""1uM_PgP""; ""100nM_BCRP""]",1200.0,false,3,1205,2000
205,SYN-0205,0.0399,0,borderline,0.5,"[""100nM_PgP""; ""100nM_BCRP""]",800.0,false,2,1205,2000
205,SYN-0205,0.0399,0,borderline,0.6,"[""100nM_PgP""; ""1uM_PgP""; ""100nM_BCRP""]",1200.0,false,3,1205,2000
205,SYN-0205,0.0399,0,borderline,0.7,"[""100nM_PgP""; ""1uM_PgP""; ""100nM_BCRP""]",1200.0,false,1,1205,2000
205,SYN-0205,0.0399,0,borderline,0.9,"[""100nM_PgP""; ""1uM_PgP""]",800.0,false,1,1205,2000
205,SYN-0205,0.0399,0,borderline,1.0,"[""100nM_PgP""; ""1uM_PgP""; ""100nM_BCRP""]",1200.0,false,1,1205,2000
206,SYN-0206,1.0,1,borderline,0.0,"[""kpuu""]",4000.0,true,10,1206,2000
206,SYN-0206,1.0,1,borderline,0.1,"[""kpuu""]",4000.0,true,7,1206,2000
206,SYN-0206,1.0,1,borderline,0.2,"[""kpuu""]",4000.0,true,4,1206,2000
206,SYN-0206,1.0,1,borderline,0.4,"[""kpuu""]",4000.0,true,3,1206,2000
206,SYN-0206,1.0,1,borderline,0.5,"[""kpuu""]",4000.0,true,3,1206,2000
206,SYN-0206,1.0,1,borderline,0.6,"[""kpuu""]",4000.0,true,3,1206,2000
206,SYN-0206,1.0,1,borderline,0.7,"[""kpuu""]",4000.0,true,2,1206,2000
206,SYN-0206,1.0,1,borderline,0.8,"[""kpuu""]",4000.0,true,3,1206,2000
206,SYN-0206,1.0,1,borderline,0.9,"[""kpuu""]",4000.0,true,1,1206,2000
206,SYN-0206,1.0,1,borderline,1.0,"[""kpuu""]",4000.0,true,1,1206,2000
207,SYN-0207,1.0,1,non_promising,0.0,"[""100nM_PgP""]",400.0,false,2,1207,2000
208,SYN-0208,1.0,1,promising,0.0,"[""kpuu""]",4000.0,true,8,1208,2000
208,SYN-0208,1.0,1,promising,0.1,"[""100nM_PgP""; ""100nM_BCRP""]",800.0,false,5,1208,2000
208,SYN-0208,1.0,1,promising,0.2,"[""100nM_PgP""; ""100nM_BCRP""]",800.0,false,7,1208,2000
208,SYN-0208,1.0,1,promising,0.3,"[""1uM_PgP""; ""100nM_BCRP""]",800.0,false,4,1208,2000
208,SYN-0208,1.0,1,promising,0.4,"[""100nM_PgP""; ""100nM_BCRP""]",800.0,false,3,1208,2000
208,SYN-0208,1.0,1,promising,0.5,"[""100nM_PgP""; ""100nM_BCRP""]",800.0,false,1,1208,2000
208,SYN-0208,1.0,1,promising,0.8,"[""100nM_PgP""; ""100nM_BCRP""]",800.0,false,1,1208,2000
208,SYN-0208,1.0,1,promising,0.9,"[""100nM_PgP""; ""100nM_BCRP""]",800.0,false,1,1208,2000
209,SYN-0209,0.1183,0,non_promising,0.0,"[""kpuu""; ""1uM_PgP""; ""100nM_BCRP""]",4800.0,true,5,1209,2000
209,SYN-0209,0.1183,0,non_promising,0.1,"[""100nM_PgP""]",400.0,false,9,1209,2000
209,SYN-0209,0.1183,0,non_promising,0.2,"[""100nM_PgP""]",400.0,false,8,1209,2000
209,SYN-0209,0.1183,0,non_promising,0.3,"[""100nM_BCRP""]",400.0,false,2,1209,2000
209,SYN-0209,0.1183,0,non_promising,0.4914165748502944,,0.0,false,10,1209,2000
210,SYN-0210,0.8348,1,non_promising,0.0,"[""kpuu""; ""1uM_PgP""]",4400.0,true,3,1210,2000
210,SYN-0210,0.8348,1,non_promising,0.1,"[""100nM_BCRP""]",400.0,false,4,1210,2000
210,SYN-0210,0.8348,1,non_promising,0.2,"[""100nM_PgP""; ""100nM_BCRP""]",800.0,false,2,1210,2000
210,SYN-0210,0.8348,1,non_promising,0.3,"[""100nM_BCRP""]",400.0,false,2,1210,2000
210,SYN-0210,0.8348,1,non_promising,0.4,"[""100nM_BCRP""]",400.0,false,3,1210,2000
210,SYN-0210,0.8348,1,non_promising,0.6,"[""1uM_PgP""; ""100nM_BCRP""]",800.0,false,1,1210,2000
210,SYN-0210,0.8348,1,non_promising,0.7,"[""100nM_BCRP""]",400.0,false,2,1210,2000
210,SYN-0210,0.8348,1,non_promising,0.8,"[""100nM_PgP""; ""100nM_BCRP""]",800.0,false,2,1210,2000
210,SYN-0210,0.8348,1,non_promising,1.0,"[""100nM_BCRP""]",400.0,false,1,1210,2000
211,SYN-0211,0.3801,0,non_promising,0.0,"[""100nM_PgP""; ""kpuu""]",4400.0,true,7,1211,2000
211,SYN-0211,0.3801,0,non_promising,0.1,"[""100nM_BCRP""]",400.0,false,7,1211,2000
211,SYN-0211,0.3801,0,non_promising,0.2,"[""1uM_PgP""; ""100nM_BCRP""]",800.0,false,2,1211,2000
211,SYN-0211,0.3801,0,non_promising,0.3,"[""100nM_BCRP""]",400.0,false,8,1211,2000
211,SYN-0211,0.3801,0,non_promising,0.4,"[""100nM_BCRP""]",400.0,false,3,1211,2000
211,SYN-0211,0.3801,0,non_promising,0.5,"[""1uM_PgP""]",400.0,false,3,1211,2000
211,SYN-0211,0.3801,0,non_promising,0.6,"[""1uM_PgP""]",400.0,false,1,1211,2000
211,SYN-0211,0.3801,0,non_promising,0.7,"[""100nM_BCRP""]",400.0,false,1,1211,2000
212,SYN-0212,0.7456,1,promising,0.0,"[""100nM_PgP""; ""kpuu""; ""100nM_BCRP""]",4800.0,true,8,1212,2000
212,SYN-0212,0.7456,1,promising,0.1,"[""kpuu""]",4000.0,true,7,1212,2000
212,SYN-0212,0.7456,1,promising,0.2,"[""100nM_PgP""; ""1uM_PgP""; ""100nM_BCRP""]",1200.0,false,4,1212,2000
212,SYN-0212,0.7456,1,promising,0.3,"[""100nM_PgP""; ""1uM_PgP""]",800.0,false,4,1212,2000
212,SYN-0212,0.7456,1,promising,0.4,"[""100nM_PgP""; ""1uM_PgP""; ""100nM_BCRP""]",1200.0,false,2,1212,2000
212,SYN-0212,0.7456,1,promising,0.5,"[""100nM_PgP""; ""1uM_PgP""; ""100nM_BCRP""]",1200.0,false,2,1212,2000
212,SYN-0212,0.7456,1,promising,0.6,"[""100nM_PgP""; ""1uM_PgP""; ""100nM_BCRP""]",1200.0,false,2,1212,2000
212,SYN-0212,0.7456,1,promising,0.7,"[""100nM_PgP""; ""1uM_PgP""; ""100nM_BCRP""]",1200.0,false,2,1212,2000
212,SYN-0212,0.7456,1,promising,0.8,"[""100nM_PgP""; ""1uM_PgP""]",800.0,false,3,1212,2000
212,SYN-0212,0.7456,1,promising,0.9,"[""100nM_PgP""; ""1uM_PgP""]",800.0,false,1,1212,2000
212,SYN-0212,0.7456,1,promising,1.0,"[""100nM_PgP""; ""1uM_PgP""]",800.0,false,1,1212,2000
213,SYN-0213,0.1847,0,borderline,0.0,"[""100nM_PgP""; ""1uM_PgP""]",800.0,false,8,1213,2000
213,SYN-0213,0.1847,0,borderline,0.1,"[""100nM_PgP""; ""1uM_PgP""]",800.0,false,4,1213,2000
213,SYN-0213,0.1847,0,borderline,0.2,"[""100nM_PgP""; ""1uM_PgP""; ""100nM_BCRP""]",1200.0,false,3,1213,2000
213,SYN-0213,0.1847,0,borderline,0.3,"[""100nM_PgP""; ""1uM_PgP""; ""100nM_BCRP""]",1200.0,false,3,1213,2000
213,SYN-0213,0.1847,0,borderline,0.4,"[""100nM_PgP""; ""1uM_PgP""]",800.0,false,6,1213,2000
213,SYN-0213,0.1847,0,borderline,0.5,"[""100nM_PgP""; ""1uM_PgP""]",800.0,false,2,1213,2000
213,SYN-0213,0.1847,0,borderline,0.7,"[""100nM_PgP""; ""1uM_PgP""]",800.0,false,1,1213,2000
213,SYN-0213,0.1847,0,borderline,0.8,"[""100nM_PgP""; ""1uM_PgP""]",800.0,false,2,1213,2000
213,SYN-0213,0.1847,0,borderline,1.0,"[""100nM_PgP""; ""1uM_PgP""]",800.0,false,1,1213,2000
214,SYN-0214,0.3469,0,non_promising,0.0,"[""kpuu""; ""100nM_BCRP""]",4400.0,true,5,1214,2000
214,SYN-0214,0.3469,0,non_promising,0.1,"[""kpuu""]",4000.0,true,4,1214,2000
214,SYN-0214,0.3469,0,non_promising,0.2,"[""kpuu""]",4000.0,true,5,1214,2000
214,SYN-0214,0.3469,0,non_promising,0.4,"[""kpuu""]",4000.0,true,1,1214,2000
214,SYN-0214,0.3469,0,non_promising,0.5,"[""kpuu""]",4000.0,true,1,1214,2000
214,SYN-0214,0.3469,0,non_promising,0.6,"[""kpuu""]",4000.0,true,1,1214,2000
214,SYN-0214,0.3469,0,non_promising,0.8,"[""kpuu""]",4000.0,true,1,1214,2000
214,SYN-0214,0.3469,0,non_promising,0.9,"[""kpuu""]",4000.0,true,1,1214,2000
215,SYN-0215,0.3962,0,promising,0.0,"[""kpuu""; ""1uM_PgP""]",4400.0,true,6,1215,2000
215,SYN-0215,0.3962,0,promising,0.1,"[""kpuu""]",4000.0,true,6,1215,2000
215,SYN-0215,0.3962,0,promising,0.2,"[""kpuu""]",4000.0,true,2,1215,2000
215,SYN-0215,0.3962,0,promising,0.3,"[""kpuu""]",4000.0,true,2,1215,2000
215,SYN-0215,0.3962,0,promising,0.4,"[""100nM_PgP""; ""1uM_PgP""]",800.0,false,4,1215,2000
215,SYN-0215,0.3962,0,promising,0.5,"[""100nM_PgP""; ""1uM_PgP""; ""100nM_BCRP""]",1200.0,false,4,1215,2000
215,SYN-0215,0.3962,0,promising,0.6,"[""100nM_PgP""; ""1uM_PgP""; ""100nM_BCRP""]",1200.0,false,3,1215,2000
215,SYN-0215,0.3962,0,promising,0.7,"[""100nM_PgP""; ""1uM_PgP""; ""100nM_BCRP""]",1200.0,false,2,1215,2000
215,SYN-0215,0.3962,0,promising,0.8,"[""100nM_PgP""; ""1uM_PgP""]",800.0,false,2,1215,2000
215,SYN-0215,0.3962,0,promising,0.9,"[""100nM_PgP""; ""1uM_PgP""; ""100nM_BCRP""]",1200.0,false,4,1215,2000
215,SYN-0215,0.3962,0,promising,1.0,"[""100nM_PgP""; ""1uM_PgP""; ""100nM_BCRP""]",1200.0,false,2,1215,2000
216,SYN-0216,0.7702,1,non_promising,0.0,"[""kpuu""; ""1uM_PgP""]",4400.0,true,4,1216,2000
216,SYN-0216,0.7702,1,non_promising,0.1,"[""100nM_BCRP""]",400.0,false,7,1216,2000
216,SYN-0216,0.7702,1,non_promising,0.2,"[""100nM_BCRP""]",400.0,false,3,1216,2000
216,SYN-0216,0.7702,1,non_promising,0.3,"[""100nM_BCRP""]",400.0,false,1,1216,2000
216,SYN-0216,0.7702,1,non_promising,0.4,"[""100nM_BCRP""]",400.0,false,4,1216,2000
216,SYN-0216,0.7702,1,non_promising,0.5,"[""100nM_BCRP""]",400.0,false,1,1216,2000
216,SYN-0216,0.7702,1,non_promising,0.7,"[""100nM_BCRP""]",400.0,false,1,1216,2000
216,SYN-0216,0.7702,1,non_promising,0.8,"[""100nM_BCRP""]",400.0,false,1,1216,2000
216,SYN-0216,0.7702,1,non_promising,0.9,"[""100nM_BCRP""]",400.0,false,2,1216,2000
217,SYN-0217,0.6053,1,non_promising,0.0,"[""kpuu""; ""100nM_BCRP""]",4400.0,true,5,1217,2000
217,SYN-0217,0.6053,1,non_promising,0.1,"[""1uM_PgP""; ""100nM_BCRP""]",800.0,false,4,1217,2000
217,SYN-0217,0.6053,1,non_promising,0.2,"[""kpuu""]",4000.0,true,3,1217,2000
217,SYN-0217,0.6053,1,non_promising,0.3,"[""kpuu""]",4000.0,true,2,1217,2000
217,SYN-0217,0.6053,1,non_promising,0.5,"[""100nM_PgP""; ""1uM_PgP""]",800.0,false,2,1217,2000
217,SYN-0217,0.6053,1,non_promising,0.6,"[""100nM_PgP""; ""1uM_PgP""]",800.0,false,3,1217,2000
217,SYN-0217,0.6053,1,non_promising,0.7,"[""100nM_PgP""; ""1uM_PgP""]",800.0,false,2,1217,2000
217,SYN-0217,0.6053,1,non_promising,0.8,"[""100nM_PgP""; ""100nM_BCRP""]",800.0,false,2,1217,2000
217,SYN-0217,0.6053,1,non_promising,0.9,"[""100nM_PgP""; ""1uM_PgP""; ""100nM_BCRP""]",1200.0,false,4,1217,2000
217,SYN-0217,0.6053,1,non_promising,1.0,"[""100nM_PgP""; ""1uM_PgP""; ""100nM_BCRP""]",1200.0,false,2,1217,2000
218,SYN-0218,0.1597,0,non_promising,0.0,"[""kpuu""]",4000.0,true,5,1218,2000
218,SYN-0218,0.1597,0,non_promising,0.1,"[""100nM_PgP""]",400.0,false,7,1218,2000
218,SYN-0218,0.1597,0,non_promising,0.2,"[""100nM_PgP""]",400.0,false,2,1218,2000
218,SYN-0218,0.1597,0,non_promising,0.3,"[""100nM_PgP""]",400.0,false,1,1218,2000
219,SYN-0219,0.0898,0,non_promising,0.0,"[""kpuu""; ""1uM_PgP""]",4400.0,true,6,1219,2000
219,SYN-0219,0.0898,0,non_promising,0.1,"[""100nM_PgP""]",400.0,false,6,1219,2000
219,SYN-0219,0.0898,0,non_promising,0.2,"[""100nM_PgP""]",400.0,false,2,1219,2000
219,SYN-0219,0.0898,0,non_promising,0.26272301061911923,,0.0,false,10,1219,2000
220,SYN-0220,1.0,1,non_promising,0.0,"[""kpuu""]",4000.0,true,8,1220,2000
220,SYN-0220,1.0,1,non_promising,0.1,"[""100nM_PgP""; ""100nM_BCRP""]",800.0,false,4,1220,2000
220,SYN-0220,1.0,1,non_promising,0.2,"[""100nM_BCRP""]",400.0,false,6,1220,2000
220,SYN-0220,1.0,1,non_promising,0.3,"[""100nM_BCRP""]",400.0,false,3,1220,2000
220,SYN-0220,1.0,1,non_promising,0.4,"[""100nM_PgP""; ""100nM_BCRP""]",800.0,false,5,1220,2000
220,SYN-0220,1.0,1,non_promising,0.5,"[""100nM_BCRP""]",400.0,false,5,1220,2000
220,SYN-0220,1.0,1,non_promising,0.6,"[""100nM_BCRP""]",400.0,false,1,1220,2000
